Heavyweight,489762,Andy Ruiz Jr*,http://boxrec.com/en/proboxer/489762
Heavyweight,468841,Deontay Wilder*,http://boxrec.com/en/proboxer/468841
Heavyweight,659461,Anthony Joshua*,http://boxrec.com/en/proboxer/659461
Heavyweight,479205,Tyson Fury,http://boxrec.com/en/proboxer/479205
Heavyweight,318081,Alexander Povetkin,http://boxrec.com/en/proboxer/318081
Heavyweight,569964,Dillian Whyte,http://boxrec.com/en/proboxer/569964
Heavyweight,498837,Jarrell Miller,http://boxrec.com/en/proboxer/498837
Heavyweight,528949,Luis Ortiz*,http://boxrec.com/en/proboxer/528949
Heavyweight,511850,Kubrat Pulev*,http://boxrec.com/en/proboxer/511850
Heavyweight,512994,Adam Kownacki,http://boxrec.com/en/proboxer/512994
Heavyweight,613846,Joseph Parker*,http://boxrec.com/en/proboxer/613846
Heavyweight,381739,Dereck Chisora*,http://boxrec.com/en/proboxer/381739
Heavyweight,813758,Filip Hrgovic,http://boxrec.com/en/proboxer/813758
Heavyweight,629462,Dominic Breazeale,http://boxrec.com/en/proboxer/629462
Heavyweight,503964,Oscar Rivas,http://boxrec.com/en/proboxer/503964
Heavyweight,475159,Christian Hammer,http://boxrec.com/en/proboxer/475159
Heavyweight,621653,Gerald Washington,http://boxrec.com/en/proboxer/621653
Heavyweight,631078,Charles Martin,http://boxrec.com/en/proboxer/631078
Heavyweight,811429,Joe Joyce,http://boxrec.com/en/proboxer/811429
Heavyweight,483755,David Price,http://boxrec.com/en/proboxer/483755
Heavyweight,768670,Evgeny Romanov,http://boxrec.com/en/proboxer/768670
Heavyweight,640268,Michael Hunter,http://boxrec.com/en/proboxer/640268
Heavyweight,14883,Tomasz Adamek,http://boxrec.com/en/proboxer/14883
Heavyweight,643611,Hughie Fury,http://boxrec.com/en/proboxer/643611
Heavyweight,280342,Marco Huck,http://boxrec.com/en/proboxer/280342
Heavyweight,804221,Efe Ajagba,http://boxrec.com/en/proboxer/804221
Heavyweight,355273,Carlos Takam,http://boxrec.com/en/proboxer/355273
Heavyweight,787430,Daniel Dubois*,http://boxrec.com/en/proboxer/787430
Heavyweight,575332,Agit Kabayel,http://boxrec.com/en/proboxer/575332
Heavyweight,733157,Simon Kean,http://boxrec.com/en/proboxer/733157
Heavyweight,741417,Petar Milas,http://boxrec.com/en/proboxer/741417
Heavyweight,473857,Artur Szpilka*,http://boxrec.com/en/proboxer/473857
Heavyweight,630710,David Allen,http://boxrec.com/en/proboxer/630710
Heavyweight,451505,Robert Helenius,http://boxrec.com/en/proboxer/451505
Heavyweight,387871,Eric Molina,http://boxrec.com/en/proboxer/387871
Heavyweight,489046,Lucas Browne*,http://boxrec.com/en/proboxer/489046
Heavyweight,529630,Bryant Jennings,http://boxrec.com/en/proboxer/529630
Heavyweight,324806,Bermane Stiverne,http://boxrec.com/en/proboxer/324806
Heavyweight,681602,Martin Bakole Ilunga,http://boxrec.com/en/proboxer/681602
Heavyweight,212248,Chris Arreola,http://boxrec.com/en/proboxer/212248
Heavyweight,545749,Erkan Teper,http://boxrec.com/en/proboxer/545749
Heavyweight,703923,Sergey Kuzmin,http://boxrec.com/en/proboxer/703923
Heavyweight,734408,Lukasz Rozanski,http://boxrec.com/en/proboxer/734408
Heavyweight,795843,Tony Yoka*,http://boxrec.com/en/proboxer/795843
Heavyweight,775950,Ali Eren Demirezen,http://boxrec.com/en/proboxer/775950
Heavyweight,651121,Otto Wallin,http://boxrec.com/en/proboxer/651121
Heavyweight,219370,Andrey Fedosov,http://boxrec.com/en/proboxer/219370
Heavyweight,309799,Mariusz Wach,http://boxrec.com/en/proboxer/309799
Heavyweight,601830,Mario Heredia*,http://boxrec.com/en/proboxer/601830
Heavyweight,32364,Samuel Peter,http://boxrec.com/en/proboxer/32364
Heavyweight,451320,Facundo Nahuel Simal,http://boxrec.com/en/proboxer/451320
Heavyweight,173416,Kevin Johnson*,http://boxrec.com/en/proboxer/173416
Heavyweight,283628,Devin Vargas,http://boxrec.com/en/proboxer/283628
Heavyweight,368978,Yakup Saglam*,http://boxrec.com/en/proboxer/368978
Heavyweight,679276,Jonathan Rice,http://boxrec.com/en/proboxer/679276
Heavyweight,530540,Herve Hubeaux*,http://boxrec.com/en/proboxer/530540
Heavyweight,590077,Marcin Siwy*,http://boxrec.com/en/proboxer/590077
Heavyweight,679269,Hemi Ahio,http://boxrec.com/en/proboxer/679269
Heavyweight,785279,Pavel Sour*,http://boxrec.com/en/proboxer/785279
Heavyweight,694641,Ruann Visser,http://boxrec.com/en/proboxer/694641
Heavyweight,560005,Joshua Tufte,http://boxrec.com/en/proboxer/560005
Heavyweight,752985,Darmani Rock*,http://boxrec.com/en/proboxer/752985
Heavyweight,715608,Cassius Chaney*,http://boxrec.com/en/proboxer/715608
Heavyweight,481634,Adam Braidwood,http://boxrec.com/en/proboxer/481634
Heavyweight,698932,George Arias,http://boxrec.com/en/proboxer/698932
Heavyweight,702784,Demsey McKean*,http://boxrec.com/en/proboxer/702784
Heavyweight,803101,Oleksandr Zakhozhyi,http://boxrec.com/en/proboxer/803101
Heavyweight,785893,Fabio Wardley,http://boxrec.com/en/proboxer/785893
Heavyweight,576438,Tom Little,http://boxrec.com/en/proboxer/576438
Heavyweight,652739,LaRon Mitchell,http://boxrec.com/en/proboxer/652739
Heavyweight,816268,Kem Ljungquist,http://boxrec.com/en/proboxer/816268
Heavyweight,379189,Cyril Leonet*,http://boxrec.com/en/proboxer/379189
Heavyweight,574472,Agron Smakici*,http://boxrec.com/en/proboxer/574472
Heavyweight,58875,Rydell Booker,http://boxrec.com/en/proboxer/58875
Heavyweight,521513,Raphael Tronche*,http://boxrec.com/en/proboxer/521513
Heavyweight,237842,Mark De Mori,http://boxrec.com/en/proboxer/237842
Heavyweight,849885,Guido Vianello,http://boxrec.com/en/proboxer/849885
Heavyweight,431653,Joe Hanks,http://boxrec.com/en/proboxer/431653
Heavyweight,801419,Alex Dickinson*,http://boxrec.com/en/proboxer/801419
Heavyweight,584992,Junior Anthony Wright,http://boxrec.com/en/proboxer/584992
Heavyweight,616873,Gregory Corbin,http://boxrec.com/en/proboxer/616873
Heavyweight,790637,Ariel Esteban Bracamonte*,http://boxrec.com/en/proboxer/790637
Heavyweight,397632,Vladimir Tereshkin*,http://boxrec.com/en/proboxer/397632
Heavyweight,760653,Kristian Prenga,http://boxrec.com/en/proboxer/760653
Heavyweight,707814,Hussein Muhamed*,http://boxrec.com/en/proboxer/707814
Heavyweight,782449,Josh Sandland*,http://boxrec.com/en/proboxer/782449
Heavyweight,828618,Arslan Yallyev*,http://boxrec.com/en/proboxer/828618
Heavyweight,753870,Mirko Tintor,http://boxrec.com/en/proboxer/753870
Heavyweight,687902,Ivan Di Berardino,http://boxrec.com/en/proboxer/687902
Heavyweight,703794,Christian Lewandowski,http://boxrec.com/en/proboxer/703794
Heavyweight,540890,Kristijan Krstacic*,http://boxrec.com/en/proboxer/540890
Heavyweight,555940,Onoriode Ehwarieme,http://boxrec.com/en/proboxer/555940
Heavyweight,534091,Alexander Flores*,http://boxrec.com/en/proboxer/534091
Heavyweight,348804,Bowie Tupou,http://boxrec.com/en/proboxer/348804
Heavyweight,762250,Labinot Xhoxhaj,http://boxrec.com/en/proboxer/762250
Heavyweight,389896,Santander Silgado*,http://boxrec.com/en/proboxer/389896
Heavyweight,643273,Apti Davtaev,http://boxrec.com/en/proboxer/643273
Heavyweight,662388,Herman Ene Purcell*,http://boxrec.com/en/proboxer/662388
Heavyweight,737004,Willie Jake Jr,http://boxrec.com/en/proboxer/737004
Heavyweight,290909,Victor Bisbal,http://boxrec.com/en/proboxer/290909
Heavyweight,813796,Mark Bennett,http://boxrec.com/en/proboxer/813796
Heavyweight,640110,Will Nasio,http://boxrec.com/en/proboxer/640110
Heavyweight,730313,Robert Simms*,http://boxrec.com/en/proboxer/730313
Heavyweight,790906,Faiga Opelu*,http://boxrec.com/en/proboxer/790906
Heavyweight,305886,Maurenzo Smith,http://boxrec.com/en/proboxer/305886
Heavyweight,593190,Samir Nebo,http://boxrec.com/en/proboxer/593190
Heavyweight,687864,Senad Gashi*,http://boxrec.com/en/proboxer/687864
Heavyweight,673053,Sergio Ramirez*,http://boxrec.com/en/proboxer/673053
Heavyweight,834487,Bakhodir Jalolov*,http://boxrec.com/en/proboxer/834487
Heavyweight,598044,Donovan Dennis*,http://boxrec.com/en/proboxer/598044
Heavyweight,538855,Boris Estenfelder*,http://boxrec.com/en/proboxer/538855
Heavyweight,682513,Jonathon Guidry,http://boxrec.com/en/proboxer/682513
Heavyweight,584978,Kash Ali,http://boxrec.com/en/proboxer/584978
Heavyweight,385460,Rogelio Omar Rossi,http://boxrec.com/en/proboxer/385460
Heavyweight,718454,Pezhman Seifkhani*,http://boxrec.com/en/proboxer/718454
Heavyweight,308999,Carl Davis Drumond,http://boxrec.com/en/proboxer/308999
Heavyweight,357372,Vikapita Meroro,http://boxrec.com/en/proboxer/357372
Heavyweight,790661,Albon Pervizaj,http://boxrec.com/en/proboxer/790661
Heavyweight,731894,Jacek Christoph Piatek*,http://boxrec.com/en/proboxer/731894
Heavyweight,441947,Jeremiah Williams,http://boxrec.com/en/proboxer/441947
Heavyweight,808005,Zhan Kossobutskiy,http://boxrec.com/en/proboxer/808005
Heavyweight,783061,Julian Fernandez*,http://boxrec.com/en/proboxer/783061
Heavyweight,528951,Yasmany Consuegra,http://boxrec.com/en/proboxer/528951
Heavyweight,718566,Niall Kennedy,http://boxrec.com/en/proboxer/718566
Heavyweight,825272,Christian Thun,http://boxrec.com/en/proboxer/825272
Heavyweight,582299,Isaac Munoz Gutierrez,http://boxrec.com/en/proboxer/582299
Heavyweight,704879,Willis Meehan*,http://boxrec.com/en/proboxer/704879
Heavyweight,712457,Keenan Hickmon*,http://boxrec.com/en/proboxer/712457
Heavyweight,712537,Patrick Korte,http://boxrec.com/en/proboxer/712537
Heavyweight,779576,Jay McFarlane*,http://boxrec.com/en/proboxer/779576
Heavyweight,48247,Steve Vukosa,http://boxrec.com/en/proboxer/48247
Heavyweight,676811,Mohamed Soltby,http://boxrec.com/en/proboxer/676811
Heavyweight,847455,Erik Pfeifer,http://boxrec.com/en/proboxer/847455
Heavyweight,583273,Terrell Jamal Woods*,http://boxrec.com/en/proboxer/583273
Heavyweight,815296,Michael Polite Coffie,http://boxrec.com/en/proboxer/815296
Heavyweight,674375,Boban Filipovic,http://boxrec.com/en/proboxer/674375
Heavyweight,656399,Gabriel Enguema,http://boxrec.com/en/proboxer/656399
Heavyweight,762885,Jesus Israel Molina,http://boxrec.com/en/proboxer/762885
Heavyweight,847814,Roman Gorst*,http://boxrec.com/en/proboxer/847814
Heavyweight,695273,Kristaps Zutis,http://boxrec.com/en/proboxer/695273
Heavyweight,796559,Tomas Salek,http://boxrec.com/en/proboxer/796559
Heavyweight,699496,James McKenzie Morrison*,http://boxrec.com/en/proboxer/699496
Heavyweight,735878,Jack Mulowayi,http://boxrec.com/en/proboxer/735878
Heavyweight,506809,Newfel Ouatah*,http://boxrec.com/en/proboxer/506809
Heavyweight,714625,Nick Webb*,http://boxrec.com/en/proboxer/714625
Heavyweight,744714,Ruslan Myrsatayev,http://boxrec.com/en/proboxer/744714
Heavyweight,702744,Mike Balogun,http://boxrec.com/en/proboxer/702744
Heavyweight,829155,Marian Dzupka,http://boxrec.com/en/proboxer/829155
Heavyweight,565200,Razvan Cojanu,http://boxrec.com/en/proboxer/565200
Heavyweight,704649,Alexandru Gabroveanu,http://boxrec.com/en/proboxer/704649
Heavyweight,842130,Ellis Machin*,http://boxrec.com/en/proboxer/842130
Heavyweight,282547,Ronald Johnson*,http://boxrec.com/en/proboxer/282547
Heavyweight,778277,Alante Green*,http://boxrec.com/en/proboxer/778277
Heavyweight,622969,Avery Gibson,http://boxrec.com/en/proboxer/622969
Heavyweight,696174,Craig Lewis,http://boxrec.com/en/proboxer/696174
Heavyweight,517085,Flo Simba,http://boxrec.com/en/proboxer/517085
Heavyweight,799864,Elvis Garcia Munoz,http://boxrec.com/en/proboxer/799864
Heavyweight,720981,Nick Jones,http://boxrec.com/en/proboxer/720981
Heavyweight,698036,Don Haynesworth,http://boxrec.com/en/proboxer/698036
Heavyweight,524367,Nick Kisner*,http://boxrec.com/en/proboxer/524367
Heavyweight,30144,Julius Lloyd-Long,http://boxrec.com/en/proboxer/30144
Heavyweight,276970,Adnan Redzovic,http://boxrec.com/en/proboxer/276970
Heavyweight,50877,Chauncy Welliver,http://boxrec.com/en/proboxer/50877
Heavyweight,370515,Ramon Argentino Guidetti,http://boxrec.com/en/proboxer/370515
Heavyweight,543200,Joe Cusumano,http://boxrec.com/en/proboxer/543200
Heavyweight,726736,Quian Davis,http://boxrec.com/en/proboxer/726736
Heavyweight,640357,Simon Vallily*,http://boxrec.com/en/proboxer/640357
Heavyweight,421738,Marcelo Nascimento*,http://boxrec.com/en/proboxer/421738
Heavyweight,864330,Michael Pirotton,http://boxrec.com/en/proboxer/864330
Heavyweight,373703,Mariano Ruben Diaz Strunz,http://boxrec.com/en/proboxer/373703
Heavyweight,429552,Justin Jones,http://boxrec.com/en/proboxer/429552
Heavyweight,250868,Fabio Tuiach*,http://boxrec.com/en/proboxer/250868
Heavyweight,771165,Jorge Alejandro Arias,http://boxrec.com/en/proboxer/771165
Heavyweight,202946,Ignacio Esparza,http://boxrec.com/en/proboxer/202946
Heavyweight,790046,Djuar El Scheich,http://boxrec.com/en/proboxer/790046
Heavyweight,17779,Denis Bakhtov,http://boxrec.com/en/proboxer/17779
Heavyweight,397484,Roberto Thomas White,http://boxrec.com/en/proboxer/397484
Heavyweight,765570,Luca D'Ortenzi,http://boxrec.com/en/proboxer/765570
Heavyweight,633021,Lamont Capers,http://boxrec.com/en/proboxer/633021
Heavyweight,696821,Leandro Daniel Robutti,http://boxrec.com/en/proboxer/696821
Heavyweight,837015,Habib Vuqiterna,http://boxrec.com/en/proboxer/837015
Heavyweight,705838,Randall Rayment,http://boxrec.com/en/proboxer/705838
Heavyweight,378520,Jason Bergman,http://boxrec.com/en/proboxer/378520
Heavyweight,673904,Jean Pierre Augustin,http://boxrec.com/en/proboxer/673904
Heavyweight,621235,Danny Calhoun,http://boxrec.com/en/proboxer/621235
Heavyweight,742181,Kostiantyn Dovbyshchenko*,http://boxrec.com/en/proboxer/742181
Heavyweight,740651,Eugen Buchmueller*,http://boxrec.com/en/proboxer/740651
Heavyweight,355949,Faisal Ibnel Arrami,http://boxrec.com/en/proboxer/355949
Heavyweight,559783,Shawn Laughery,http://boxrec.com/en/proboxer/559783
Heavyweight,630275,Cristhian Nazareno Fernandez,http://boxrec.com/en/proboxer/630275
Heavyweight,601643,Daniel Martz,http://boxrec.com/en/proboxer/601643
Heavyweight,483691,Alexis Santos,http://boxrec.com/en/proboxer/483691
Heavyweight,687394,Patrick Eneanya,http://boxrec.com/en/proboxer/687394
Heavyweight,827454,Evan Gubera,http://boxrec.com/en/proboxer/827454
Heavyweight,818532,Danilo Milacic,http://boxrec.com/en/proboxer/818532
Heavyweight,790284,Hasim Rahman Jr,http://boxrec.com/en/proboxer/790284
Heavyweight,833717,Ryan Charles,http://boxrec.com/en/proboxer/833717
Heavyweight,828558,Oleksandr Babanov,http://boxrec.com/en/proboxer/828558
Heavyweight,24285,Osborn Machimana,http://boxrec.com/en/proboxer/24285
Heavyweight,806568,Amron Sands,http://boxrec.com/en/proboxer/806568
Heavyweight,730488,Stan Surmacz,http://boxrec.com/en/proboxer/730488
Heavyweight,760082,Gabriel Hernandez,http://boxrec.com/en/proboxer/760082
Heavyweight,852456,Artem Suslenkov,http://boxrec.com/en/proboxer/852456
Heavyweight,391589,Kenny Cruz Carasquillo,http://boxrec.com/en/proboxer/391589
Heavyweight,138474,Aldo Colliander,http://boxrec.com/en/proboxer/138474
Heavyweight,682793,Ronald Baca,http://boxrec.com/en/proboxer/682793
Heavyweight,614225,Chris Healey*,http://boxrec.com/en/proboxer/614225
Heavyweight,762039,Viktar Chvarkou,http://boxrec.com/en/proboxer/762039
Heavyweight,803100,Gasan Gimbatov,http://boxrec.com/en/proboxer/803100
Heavyweight,456799,Juan Pedro Guglielmetti,http://boxrec.com/en/proboxer/456799
Heavyweight,302151,Alex Mazikin,http://boxrec.com/en/proboxer/302151
Heavyweight,746872,Tim Chemelli*,http://boxrec.com/en/proboxer/746872
Heavyweight,703793,Dennis Lewandowski,http://boxrec.com/en/proboxer/703793
Heavyweight,824368,Joseph Goodall,http://boxrec.com/en/proboxer/824368
Heavyweight,27523,Byron Polley,http://boxrec.com/en/proboxer/27523
Heavyweight,764718,Kris Terzievski*,http://boxrec.com/en/proboxer/764718
Heavyweight,873522,Tomislav Cikotic,http://boxrec.com/en/proboxer/873522
Heavyweight,111803,Ivica Perkovic,http://boxrec.com/en/proboxer/111803
Heavyweight,762615,Mensur Dedic,http://boxrec.com/en/proboxer/762615
Heavyweight,746667,Cassius Anderson*,http://boxrec.com/en/proboxer/746667
Heavyweight,727175,Joel Caudle*,http://boxrec.com/en/proboxer/727175
Heavyweight,499820,Kimdo Bethel Boykin,http://boxrec.com/en/proboxer/499820
Heavyweight,749093,Steven Lyons*,http://boxrec.com/en/proboxer/749093
Heavyweight,804906,Ivan D'Adamo,http://boxrec.com/en/proboxer/804906
Heavyweight,754151,Colby Madison,http://boxrec.com/en/proboxer/754151
Heavyweight,756404,Kiki Toa Leutele*,http://boxrec.com/en/proboxer/756404
Heavyweight,615406,Burak Sahin,http://boxrec.com/en/proboxer/615406
Heavyweight,533930,Jeremiah Karpency,http://boxrec.com/en/proboxer/533930
Heavyweight,722904,Trent Rawlins,http://boxrec.com/en/proboxer/722904
Heavyweight,523801,Attila Kalman,http://boxrec.com/en/proboxer/523801
Heavyweight,814728,Timothy Moten*,http://boxrec.com/en/proboxer/814728
Heavyweight,785985,Naylor Ball,http://boxrec.com/en/proboxer/785985
Heavyweight,622857,Tyrell Wright,http://boxrec.com/en/proboxer/622857
Heavyweight,628044,Mike Bissett,http://boxrec.com/en/proboxer/628044
Heavyweight,846781,Kamil Bodzioch*,http://boxrec.com/en/proboxer/846781
Heavyweight,856705,Louison Loizou,http://boxrec.com/en/proboxer/856705
Heavyweight,862274,Peter Kadiru*,http://boxrec.com/en/proboxer/862274
Heavyweight,894200,Jonathan Hill,http://boxrec.com/en/proboxer/894200
Heavyweight,828304,Justin Rolfe,http://boxrec.com/en/proboxer/828304
Heavyweight,815820,Granit Shala,http://boxrec.com/en/proboxer/815820
Heavyweight,794616,Mike Delshaun Ford,http://boxrec.com/en/proboxer/794616
Heavyweight,707482,David Abraham,http://boxrec.com/en/proboxer/707482
Heavyweight,527975,Pedro Julio Rodriguez,http://boxrec.com/en/proboxer/527975
Heavyweight,831885,Leon Gavanas,http://boxrec.com/en/proboxer/831885
Heavyweight,885899,Seung Jun Lee,http://boxrec.com/en/proboxer/885899
Heavyweight,734673,Edi Delibaltaoglu,http://boxrec.com/en/proboxer/734673
Heavyweight,804497,Marko Radonjic,http://boxrec.com/en/proboxer/804497
Heavyweight,718422,Panuve Helu,http://boxrec.com/en/proboxer/718422
Heavyweight,818005,Benjamin Adegbuyi,http://boxrec.com/en/proboxer/818005
Heavyweight,725440,Blerim Hajdari,http://boxrec.com/en/proboxer/725440
Heavyweight,898835,Abdulkerim Edilov,http://boxrec.com/en/proboxer/898835
Heavyweight,891023,Adam Dyczka,http://boxrec.com/en/proboxer/891023
Heavyweight,562854,Justice Siliga,http://boxrec.com/en/proboxer/562854
Heavyweight,862156,Andrew Chatman,http://boxrec.com/en/proboxer/862156
Heavyweight,793327,Mauricio Junker*,http://boxrec.com/en/proboxer/793327
Heavyweight,234455,Pedro Otas,http://boxrec.com/en/proboxer/234455
Heavyweight,455058,Zakaria Azzouzi,http://boxrec.com/en/proboxer/455058
Heavyweight,815017,Kevin Nicolas Espindola,http://boxrec.com/en/proboxer/815017
Heavyweight,869869,Robert Szercsik,http://boxrec.com/en/proboxer/869869
Heavyweight,854456,Boldizsar Balazs Czagler,http://boxrec.com/en/proboxer/854456
Heavyweight,795218,James Wilson,http://boxrec.com/en/proboxer/795218
Heavyweight,752845,Corey Barlow,http://boxrec.com/en/proboxer/752845
Heavyweight,694474,Rafael Rios,http://boxrec.com/en/proboxer/694474
Heavyweight,63571,Rodney Moore,http://boxrec.com/en/proboxer/63571
Heavyweight,263525,Kertson Manswell,http://boxrec.com/en/proboxer/263525
Heavyweight,288089,Saul Farah*,http://boxrec.com/en/proboxer/288089
Heavyweight,804062,Tian Fick,http://boxrec.com/en/proboxer/804062
Heavyweight,322677,Ricardo Humberto Ramirez,http://boxrec.com/en/proboxer/322677
Heavyweight,703004,Marios Kollias,http://boxrec.com/en/proboxer/703004
Heavyweight,699542,Hasan Kurnaz,http://boxrec.com/en/proboxer/699542
Heavyweight,769548,Bradley Hamil,http://boxrec.com/en/proboxer/769548
Heavyweight,530280,Irineu Beato Costa Junior,http://boxrec.com/en/proboxer/530280
Heavyweight,622298,Jose Vazquez,http://boxrec.com/en/proboxer/622298
Heavyweight,790662,Emir Ahmatovic,http://boxrec.com/en/proboxer/790662
Heavyweight,770131,Christian Mariscal,http://boxrec.com/en/proboxer/770131
Heavyweight,724458,Christian Larrondo,http://boxrec.com/en/proboxer/724458
Heavyweight,625918,Leandro Rufino,http://boxrec.com/en/proboxer/625918
Heavyweight,750301,Ben Sosoli,http://boxrec.com/en/proboxer/750301
Heavyweight,640243,Richard Lartey,http://boxrec.com/en/proboxer/640243
Heavyweight,851449,Mahammadrasul Majidov,http://boxrec.com/en/proboxer/851449
Heavyweight,675567,Paul Gallen,http://boxrec.com/en/proboxer/675567
Heavyweight,803600,Clayton Laurent Jr,http://boxrec.com/en/proboxer/803600
Heavyweight,6522,Danny Williams,http://boxrec.com/en/proboxer/6522
Heavyweight,798658,Sung Min Lee,http://boxrec.com/en/proboxer/798658
Heavyweight,210846,Raymond Ochieng,http://boxrec.com/en/proboxer/210846
Heavyweight,171565,Fabio Maldonado,http://boxrec.com/en/proboxer/171565
Heavyweight,689903,Radek Varak,http://boxrec.com/en/proboxer/689903
Heavyweight,819922,Tair Kelekhsaev,http://boxrec.com/en/proboxer/819922
Heavyweight,814714,Mourad Omar,http://boxrec.com/en/proboxer/814714
Heavyweight,513390,Pablo Matias Magrini,http://boxrec.com/en/proboxer/513390
Heavyweight,452366,Emilio Ezequiel Zarate,http://boxrec.com/en/proboxer/452366
Heavyweight,646520,David Spilmont,http://boxrec.com/en/proboxer/646520
Heavyweight,705174,Rashid Akzhigitov,http://boxrec.com/en/proboxer/705174
Heavyweight,492678,Anthony Caputo Smith,http://boxrec.com/en/proboxer/492678
Heavyweight,467783,David Howe,http://boxrec.com/en/proboxer/467783
Heavyweight,750008,Adam Stewart*,http://boxrec.com/en/proboxer/750008
Heavyweight,738733,Abigail Soto,http://boxrec.com/en/proboxer/738733
Heavyweight,773827,Nahuel Collosi,http://boxrec.com/en/proboxer/773827
Heavyweight,607373,Miljan Rovcanin,http://boxrec.com/en/proboxer/607373
Heavyweight,793301,Ali Kiydin,http://boxrec.com/en/proboxer/793301
Heavyweight,798633,Laszlo L Fekete,http://boxrec.com/en/proboxer/798633
Heavyweight,576152,Dorian Darch*,http://boxrec.com/en/proboxer/576152
Heavyweight,870953,Anthony Hollaway,http://boxrec.com/en/proboxer/870953
Heavyweight,808687,Carlouse Welch,http://boxrec.com/en/proboxer/808687
Heavyweight,759461,Danny Rio*,http://boxrec.com/en/proboxer/759461
Heavyweight,839362,Roney Hines*,http://boxrec.com/en/proboxer/839362
Heavyweight,499606,Chris Norrad,http://boxrec.com/en/proboxer/499606
Heavyweight,614789,Ed Fountain,http://boxrec.com/en/proboxer/614789
Heavyweight,358180,John Hopoate*,http://boxrec.com/en/proboxer/358180
Heavyweight,241087,Michael Marrone,http://boxrec.com/en/proboxer/241087
Heavyweight,734652,Jone Volau,http://boxrec.com/en/proboxer/734652
Heavyweight,507716,Sanel Papic,http://boxrec.com/en/proboxer/507716
Heavyweight,629731,Robin Dupre,http://boxrec.com/en/proboxer/629731
Heavyweight,639843,Hugo Trujillo*,http://boxrec.com/en/proboxer/639843
Heavyweight,379643,Wilmer Vasquez,http://boxrec.com/en/proboxer/379643
Heavyweight,25893,Stacy Frazier,http://boxrec.com/en/proboxer/25893
Heavyweight,486350,Marino Goles,http://boxrec.com/en/proboxer/486350
Heavyweight,795659,Dominic Vial,http://boxrec.com/en/proboxer/795659
Heavyweight,514335,Grover Young,http://boxrec.com/en/proboxer/514335
Heavyweight,611196,Ebenezer Tetteh*,http://boxrec.com/en/proboxer/611196
Heavyweight,768219,Victor Daniel,http://boxrec.com/en/proboxer/768219
Heavyweight,686975,Alexandros Kartozia,http://boxrec.com/en/proboxer/686975
Heavyweight,716182,Dell Long,http://boxrec.com/en/proboxer/716182
Heavyweight,737862,Pablo Diaz,http://boxrec.com/en/proboxer/737862
Heavyweight,139128,Epifanio Mendoza,http://boxrec.com/en/proboxer/139128
Heavyweight,16516,Colin Wilson,http://boxrec.com/en/proboxer/16516
Heavyweight,814340,Sam Shewmaker*,http://boxrec.com/en/proboxer/814340
Heavyweight,878818,Denis Murselovic,http://boxrec.com/en/proboxer/878818
Heavyweight,542832,Quincy Palmer*,http://boxrec.com/en/proboxer/542832
Heavyweight,793176,Willy Kyakonye,http://boxrec.com/en/proboxer/793176
Heavyweight,476208,Sebastian Tuchscherer,http://boxrec.com/en/proboxer/476208
Heavyweight,588089,Morris Okolla*,http://boxrec.com/en/proboxer/588089
Heavyweight,852838,Vladimeri Khurtsia,http://boxrec.com/en/proboxer/852838
Heavyweight,832460,Milans Volkovs,http://boxrec.com/en/proboxer/832460
Heavyweight,467186,Hunter Sam,http://boxrec.com/en/proboxer/467186
Heavyweight,637731,Juan Guajardo,http://boxrec.com/en/proboxer/637731
Heavyweight,602617,Tamas Bajzath,http://boxrec.com/en/proboxer/602617
Heavyweight,678845,Karim Berredjem,http://boxrec.com/en/proboxer/678845
Heavyweight,443306,Gyula Bozai,http://boxrec.com/en/proboxer/443306
Heavyweight,733214,Filimoni Taganikula,http://boxrec.com/en/proboxer/733214
Heavyweight,830258,Pietro Cappelli,http://boxrec.com/en/proboxer/830258
Heavyweight,715105,Bernardo Marquez,http://boxrec.com/en/proboxer/715105
Heavyweight,751408,Rudolf Jozic,http://boxrec.com/en/proboxer/751408
Heavyweight,271832,Junior Pati*,http://boxrec.com/en/proboxer/271832
Heavyweight,244827,Edson Cesar Antonio,http://boxrec.com/en/proboxer/244827
Heavyweight,800207,Derek Cardenas,http://boxrec.com/en/proboxer/800207
Heavyweight,372266,Richard Carmack,http://boxrec.com/en/proboxer/372266
Heavyweight,608194,George Thompson,http://boxrec.com/en/proboxer/608194
Heavyweight,846778,Miles Willington*,http://boxrec.com/en/proboxer/846778
Heavyweight,700192,Markus Fuckner,http://boxrec.com/en/proboxer/700192
Heavyweight,607852,Luis Pascual,http://boxrec.com/en/proboxer/607852
Heavyweight,23930,Roger Izonritei,http://boxrec.com/en/proboxer/23930
Heavyweight,714703,Abraham Pascual,http://boxrec.com/en/proboxer/714703
Heavyweight,25646,Livin Castillo,http://boxrec.com/en/proboxer/25646
Heavyweight,427528,Yohan Banks,http://boxrec.com/en/proboxer/427528
Heavyweight,804155,Abel Pesut*,http://boxrec.com/en/proboxer/804155
Heavyweight,568581,Nate Heaven,http://boxrec.com/en/proboxer/568581
Heavyweight,815823,Kye Brooks,http://boxrec.com/en/proboxer/815823
Heavyweight,546988,Sergio Romano,http://boxrec.com/en/proboxer/546988
Heavyweight,686774,Ryu Ueda,http://boxrec.com/en/proboxer/686774
Heavyweight,18135,Shidevin Brown,http://boxrec.com/en/proboxer/18135
Heavyweight,841507,Daniel Balabula,http://boxrec.com/en/proboxer/841507
Heavyweight,648971,Nikolas Charalampous,http://boxrec.com/en/proboxer/648971
Heavyweight,773488,Carlos Carreon,http://boxrec.com/en/proboxer/773488
Heavyweight,680059,Hector Perez*,http://boxrec.com/en/proboxer/680059
Heavyweight,810496,James Jackson,http://boxrec.com/en/proboxer/810496
Heavyweight,788768,Tristan James,http://boxrec.com/en/proboxer/788768
Heavyweight,834185,Omar McKayle,http://boxrec.com/en/proboxer/834185
Heavyweight,815810,Tony Attallah,http://boxrec.com/en/proboxer/815810
Heavyweight,108740,Kenny Lemos,http://boxrec.com/en/proboxer/108740
Heavyweight,863712,Deshawn Ross*,http://boxrec.com/en/proboxer/863712
Heavyweight,700182,Paul Koon,http://boxrec.com/en/proboxer/700182
Heavyweight,511099,Jurij Frank,http://boxrec.com/en/proboxer/511099
Heavyweight,696022,Eriks Kalasnikovs,http://boxrec.com/en/proboxer/696022
Heavyweight,837860,Huenkar Polat*,http://boxrec.com/en/proboxer/837860
Heavyweight,738057,Gennadi Mentsikainen,http://boxrec.com/en/proboxer/738057
Heavyweight,716822,Igor Mihaljevic*,http://boxrec.com/en/proboxer/716822
Heavyweight,759881,Mladen Manev,http://boxrec.com/en/proboxer/759881
Heavyweight,549080,Toni Thes,http://boxrec.com/en/proboxer/549080
Heavyweight,770930,Jean Carlos Mina,http://boxrec.com/en/proboxer/770930
Heavyweight,729484,Tornike Puritchamiashvili,http://boxrec.com/en/proboxer/729484
Heavyweight,746640,Christopher Lovejoy,http://boxrec.com/en/proboxer/746640
Heavyweight,520747,Laszlo Toth,http://boxrec.com/en/proboxer/520747
Heavyweight,889757,Cristian Oviedo,http://boxrec.com/en/proboxer/889757
Heavyweight,387735,Chris Vendola,http://boxrec.com/en/proboxer/387735
Heavyweight,781940,Michael Pareo,http://boxrec.com/en/proboxer/781940
Heavyweight,768017,Marquis Valentine,http://boxrec.com/en/proboxer/768017
Heavyweight,709544,Aaron Chavers,http://boxrec.com/en/proboxer/709544
Heavyweight,591190,Nick Guivas,http://boxrec.com/en/proboxer/591190
Heavyweight,773652,Sam Agustin Ruiz,http://boxrec.com/en/proboxer/773652
Heavyweight,828124,Oscar Torrez,http://boxrec.com/en/proboxer/828124
Heavyweight,693220,Zoltan Csala,http://boxrec.com/en/proboxer/693220
Heavyweight,798974,Jan Hrebik,http://boxrec.com/en/proboxer/798974
Heavyweight,500433,Travis Clark,http://boxrec.com/en/proboxer/500433
Heavyweight,534011,Junior Maletino Iakopo,http://boxrec.com/en/proboxer/534011
Heavyweight,823942,Aaron Singleton,http://boxrec.com/en/proboxer/823942
Heavyweight,166192,Ozcan Cetinkaya*,http://boxrec.com/en/proboxer/166192
Heavyweight,819906,Santiago Martinez Perez,http://boxrec.com/en/proboxer/819906
Heavyweight,809960,Elvis de Jesus Garcia,http://boxrec.com/en/proboxer/809960
Heavyweight,51947,Patrick Kennedy,http://boxrec.com/en/proboxer/51947
Heavyweight,872151,Ruben Wolf,http://boxrec.com/en/proboxer/872151
Heavyweight,813522,Luis Jose Marin Garcia,http://boxrec.com/en/proboxer/813522
Heavyweight,711142,Larry Knight*,http://boxrec.com/en/proboxer/711142
Heavyweight,801318,Joshua Pretorius,http://boxrec.com/en/proboxer/801318
Heavyweight,555645,Brandon Spencer*,http://boxrec.com/en/proboxer/555645
Heavyweight,97395,Hugo Lomeli,http://boxrec.com/en/proboxer/97395
Heavyweight,852701,Lenier Pero,http://boxrec.com/en/proboxer/852701
Heavyweight,586357,Luis David Rodriguez Aguilar,http://boxrec.com/en/proboxer/586357
Heavyweight,828775,Gueney Artak,http://boxrec.com/en/proboxer/828775
Heavyweight,789943,Tamaz Zadishvili,http://boxrec.com/en/proboxer/789943
Heavyweight,548881,Deon Ronny Hale,http://boxrec.com/en/proboxer/548881
Heavyweight,861334,Sonny Conto*,http://boxrec.com/en/proboxer/861334
Heavyweight,766139,Guillermo Casas*,http://boxrec.com/en/proboxer/766139
Heavyweight,710497,German Skobenko,http://boxrec.com/en/proboxer/710497
Heavyweight,798934,Haruna Osumanu*,http://boxrec.com/en/proboxer/798934
Heavyweight,694305,Pavel Doroshilov,http://boxrec.com/en/proboxer/694305
Heavyweight,644990,Ernest Reyna*,http://boxrec.com/en/proboxer/644990
Heavyweight,824395,King Mou,http://boxrec.com/en/proboxer/824395
Heavyweight,603109,Brandon Carmack,http://boxrec.com/en/proboxer/603109
Heavyweight,697010,Guillermo Del Rio,http://boxrec.com/en/proboxer/697010
Heavyweight,854269,Arsene Fosso*,http://boxrec.com/en/proboxer/854269
Heavyweight,847104,Eric Pen,http://boxrec.com/en/proboxer/847104
Heavyweight,718698,Marlon Williams,http://boxrec.com/en/proboxer/718698
Heavyweight,814592,Josh Quailey,http://boxrec.com/en/proboxer/814592
Heavyweight,87969,Jose Miguel Rodriguez Berrio,http://boxrec.com/en/proboxer/87969
Heavyweight,831965,Jonathan Palata*,http://boxrec.com/en/proboxer/831965
Heavyweight,825807,Dante Stone,http://boxrec.com/en/proboxer/825807
Heavyweight,876578,Jonathan Tjandra,http://boxrec.com/en/proboxer/876578
Heavyweight,327859,Wilfrido Leal*,http://boxrec.com/en/proboxer/327859
Heavyweight,741536,Ryan Watson,http://boxrec.com/en/proboxer/741536
Heavyweight,151893,Matthew Greer*,http://boxrec.com/en/proboxer/151893
Heavyweight,58878,Rubin Williams,http://boxrec.com/en/proboxer/58878
Heavyweight,665387,Matt McKinney,http://boxrec.com/en/proboxer/665387
Heavyweight,834822,Mehdi Ben Hamira,http://boxrec.com/en/proboxer/834822
Heavyweight,779423,Anar Mirzayev,http://boxrec.com/en/proboxer/779423
Heavyweight,815597,Daso Simeunovic,http://boxrec.com/en/proboxer/815597
Heavyweight,835913,Jesus Francisco Soto*,http://boxrec.com/en/proboxer/835913
Heavyweight,32394,Moises Droz,http://boxrec.com/en/proboxer/32394
Heavyweight,223118,Jaudiel Zepeda,http://boxrec.com/en/proboxer/223118
Heavyweight,858103,Kahlil Smoot*,http://boxrec.com/en/proboxer/858103
Heavyweight,137288,Leroy Childs,http://boxrec.com/en/proboxer/137288
Heavyweight,805343,Angelo Rizzo,http://boxrec.com/en/proboxer/805343
Heavyweight,18561,Travis Fulton*,http://boxrec.com/en/proboxer/18561
Heavyweight,491140,Brendan Barrett,http://boxrec.com/en/proboxer/491140
Heavyweight,836576,Shane Mumford,http://boxrec.com/en/proboxer/836576
Heavyweight,571146,Gogita Gorgiladze,http://boxrec.com/en/proboxer/571146
Heavyweight,642242,Andras Csomor,http://boxrec.com/en/proboxer/642242
Heavyweight,442136,Miguel Cubos,http://boxrec.com/en/proboxer/442136
Heavyweight,565922,Alphonce Mchumiatumbo,http://boxrec.com/en/proboxer/565922
Heavyweight,887582,Ewerton Lemos Polaquini*,http://boxrec.com/en/proboxer/887582
Heavyweight,806636,John Brand,http://boxrec.com/en/proboxer/806636
Heavyweight,419308,Dieuly Aristilde,http://boxrec.com/en/proboxer/419308
Heavyweight,423922,Michael Speed Sigarlaki,http://boxrec.com/en/proboxer/423922
Heavyweight,690502,Oswaldo Ortega*,http://boxrec.com/en/proboxer/690502
Heavyweight,854062,Nicolas Wamba*,http://boxrec.com/en/proboxer/854062
Heavyweight,443196,John Kimuanga Massaw,http://boxrec.com/en/proboxer/443196
Heavyweight,850171,Patrick Thunder Taito*,http://boxrec.com/en/proboxer/850171
Heavyweight,800206,Brayan Asael Guzman,http://boxrec.com/en/proboxer/800206
Heavyweight,738273,Tyrrell Anthony Herndon,http://boxrec.com/en/proboxer/738273
Heavyweight,45916,Walter Palacios,http://boxrec.com/en/proboxer/45916
Heavyweight,854053,Joris Bichet,http://boxrec.com/en/proboxer/854053
Heavyweight,852032,Alen Babic,http://boxrec.com/en/proboxer/852032
Heavyweight,664446,Jens Tietze,http://boxrec.com/en/proboxer/664446
Heavyweight,386151,Jody Lee Linthicum,http://boxrec.com/en/proboxer/386151
Heavyweight,804761,Luke Sutherland,http://boxrec.com/en/proboxer/804761
Heavyweight,645692,Jacek Chruslicki,http://boxrec.com/en/proboxer/645692
Heavyweight,553454,Celso Pinzon,http://boxrec.com/en/proboxer/553454
Heavyweight,606192,Hector Hodge,http://boxrec.com/en/proboxer/606192
Heavyweight,833307,James Singh,http://boxrec.com/en/proboxer/833307
Heavyweight,821587,Ferenc Bartus,http://boxrec.com/en/proboxer/821587
Heavyweight,846479,Richard Nemeth,http://boxrec.com/en/proboxer/846479
Heavyweight,871390,Jorge Sevilla Acosta,http://boxrec.com/en/proboxer/871390
Heavyweight,856379,Taras Neudachyn,http://boxrec.com/en/proboxer/856379
Heavyweight,788769,Matt Cameron,http://boxrec.com/en/proboxer/788769
Heavyweight,758297,Luke Lyons,http://boxrec.com/en/proboxer/758297
Heavyweight,831179,Madars Trivols,http://boxrec.com/en/proboxer/831179
Heavyweight,496545,Cristian Galvez,http://boxrec.com/en/proboxer/496545
Heavyweight,888880,Danny Whitaker*,http://boxrec.com/en/proboxer/888880
Heavyweight,780373,Mario Jagatic,http://boxrec.com/en/proboxer/780373
Heavyweight,827761,Zaur Aylarov,http://boxrec.com/en/proboxer/827761
Heavyweight,479036,Edson Roberto Dos Santos Borges,http://boxrec.com/en/proboxer/479036
Heavyweight,849161,George Harris,http://boxrec.com/en/proboxer/849161
Heavyweight,322276,Daniel Cota,http://boxrec.com/en/proboxer/322276
Heavyweight,788264,Maksim Kusnezow,http://boxrec.com/en/proboxer/788264
Heavyweight,365148,Maksym Pedyura,http://boxrec.com/en/proboxer/365148
Heavyweight,808692,Jonathan Foreman,http://boxrec.com/en/proboxer/808692
Heavyweight,36415,Engin Solmaz,http://boxrec.com/en/proboxer/36415
Heavyweight,840891,Raphael Akpejiori*,http://boxrec.com/en/proboxer/840891
Heavyweight,225646,Samuel Miller,http://boxrec.com/en/proboxer/225646
Heavyweight,729367,Misael Sanchez*,http://boxrec.com/en/proboxer/729367
Heavyweight,543491,Jinner Guerrero,http://boxrec.com/en/proboxer/543491
Heavyweight,611134,Andrea Pesce,http://boxrec.com/en/proboxer/611134
Heavyweight,713809,Maurice Jones,http://boxrec.com/en/proboxer/713809
Heavyweight,885318,Serdar Avci,http://boxrec.com/en/proboxer/885318
Heavyweight,829185,Moses Johnson,http://boxrec.com/en/proboxer/829185
Heavyweight,821067,Michael Matulis,http://boxrec.com/en/proboxer/821067
Heavyweight,838909,Vladan Babic,http://boxrec.com/en/proboxer/838909
Heavyweight,855399,Vincent Muziri,http://boxrec.com/en/proboxer/855399
Heavyweight,841625,Marco Antonio Canedo,http://boxrec.com/en/proboxer/841625
Heavyweight,697850,David Wilken,http://boxrec.com/en/proboxer/697850
Heavyweight,788764,Mario Rodriguez,http://boxrec.com/en/proboxer/788764
Heavyweight,814319,Paul Zummach,http://boxrec.com/en/proboxer/814319
Heavyweight,858578,Wilhelm Nebe,http://boxrec.com/en/proboxer/858578
Heavyweight,766140,Alejandro Garduno,http://boxrec.com/en/proboxer/766140
Heavyweight,644639,Ernesto Beltran,http://boxrec.com/en/proboxer/644639
Heavyweight,816208,Juan Abel Garza,http://boxrec.com/en/proboxer/816208
Heavyweight,847972,Sung Jin Kwak,http://boxrec.com/en/proboxer/847972
Heavyweight,770658,Wayman Carter,http://boxrec.com/en/proboxer/770658
Heavyweight,724508,Miguel Angel Flores Gomez,http://boxrec.com/en/proboxer/724508
Heavyweight,850724,Jose Castro,http://boxrec.com/en/proboxer/850724
Heavyweight,896856,Ben Hanebuth,http://boxrec.com/en/proboxer/896856
Heavyweight,820382,Troy Humbertson,http://boxrec.com/en/proboxer/820382
Heavyweight,850800,Patrick Mailata,http://boxrec.com/en/proboxer/850800
Heavyweight,779007,Antonio Johnson,http://boxrec.com/en/proboxer/779007
Heavyweight,857475,Roman Huerta,http://boxrec.com/en/proboxer/857475
Heavyweight,850246,Steve Henderson,http://boxrec.com/en/proboxer/850246
Heavyweight,879851,Andy Hoeschler,http://boxrec.com/en/proboxer/879851
Heavyweight,891012,Amnin Omerika,http://boxrec.com/en/proboxer/891012
Heavyweight,798359,Giorgi Tamazashvili,http://boxrec.com/en/proboxer/798359
Heavyweight,853761,Ante Tolic,http://boxrec.com/en/proboxer/853761
Heavyweight,521750,Jamie Bogovic,http://boxrec.com/en/proboxer/521750
Heavyweight,801439,Waldo Cortes Acosta*,http://boxrec.com/en/proboxer/801439
Heavyweight,856196,Christopher Martinez,http://boxrec.com/en/proboxer/856196
Heavyweight,872325,Eduardo Salazar,http://boxrec.com/en/proboxer/872325
Heavyweight,826122,Randy Wachacha,http://boxrec.com/en/proboxer/826122
Heavyweight,772738,Santino Turnbow,http://boxrec.com/en/proboxer/772738
Heavyweight,761002,Ryan Williams*,http://boxrec.com/en/proboxer/761002
Heavyweight,862598,Petteri Kiviniemi,http://boxrec.com/en/proboxer/862598
Heavyweight,582216,Ramon Olivas,http://boxrec.com/en/proboxer/582216
Heavyweight,786166,Shkelqim Ademaj,http://boxrec.com/en/proboxer/786166
Heavyweight,430590,Julian Esteban Ruiz,http://boxrec.com/en/proboxer/430590
Heavyweight,885815,Lucian Atana*,http://boxrec.com/en/proboxer/885815
Heavyweight,827883,Dominik Musil,http://boxrec.com/en/proboxer/827883
Heavyweight,759752,Eduardo Vitela,http://boxrec.com/en/proboxer/759752
Heavyweight,48938,David Koswara,http://boxrec.com/en/proboxer/48938
Heavyweight,772806,Abdulnaser Delalic,http://boxrec.com/en/proboxer/772806
Heavyweight,374557,Davit Gogishvili,http://boxrec.com/en/proboxer/374557
Heavyweight,587882,Francois Russell*,http://boxrec.com/en/proboxer/587882
Heavyweight,856041,Soo Min Lee,http://boxrec.com/en/proboxer/856041
Heavyweight,789080,Asad Adrovic,http://boxrec.com/en/proboxer/789080
Heavyweight,870002,Norman Neely,http://boxrec.com/en/proboxer/870002
Heavyweight,823001,Agbonson Yaovi,http://boxrec.com/en/proboxer/823001
Heavyweight,763311,Alick Gogodo,http://boxrec.com/en/proboxer/763311
Heavyweight,655253,Kenneth Bishop,http://boxrec.com/en/proboxer/655253
Heavyweight,573647,Nuhu Azuma,http://boxrec.com/en/proboxer/573647
Heavyweight,529619,Jesus Alberto Martinez Torres,http://boxrec.com/en/proboxer/529619
Heavyweight,480480,Alban Galonnier,http://boxrec.com/en/proboxer/480480
Heavyweight,790033,Johnny Molina,http://boxrec.com/en/proboxer/790033
Heavyweight,829546,Muhamet Hajdaraj,http://boxrec.com/en/proboxer/829546
Heavyweight,852721,Semisi Kalu*,http://boxrec.com/en/proboxer/852721
Heavyweight,818588,Igor Adiel Macedo da Silva,http://boxrec.com/en/proboxer/818588
Heavyweight,453557,Eddie Jones,http://boxrec.com/en/proboxer/453557
Heavyweight,817516,Taran Willett,http://boxrec.com/en/proboxer/817516
Heavyweight,728112,Pedro Martinez,http://boxrec.com/en/proboxer/728112
Heavyweight,841578,Khalid Smith,http://boxrec.com/en/proboxer/841578
Heavyweight,700064,Antwaun Taylor*,http://boxrec.com/en/proboxer/700064
Heavyweight,734308,Joseph White,http://boxrec.com/en/proboxer/734308
Heavyweight,781923,Giorgi Urjumelashvili,http://boxrec.com/en/proboxer/781923
Heavyweight,654097,Eduardo Rodrigo Pacheco,http://boxrec.com/en/proboxer/654097
Heavyweight,838984,Ishmael Oladipo,http://boxrec.com/en/proboxer/838984
Heavyweight,758695,Edgar Ramirez,http://boxrec.com/en/proboxer/758695
Heavyweight,871884,Patrick Schaefer,http://boxrec.com/en/proboxer/871884
Heavyweight,818434,Ariel Jimenez,http://boxrec.com/en/proboxer/818434
Heavyweight,880180,Markus Knoop,http://boxrec.com/en/proboxer/880180
Heavyweight,842266,Vincenzo Febbo,http://boxrec.com/en/proboxer/842266
Heavyweight,658465,Thomas Jones,http://boxrec.com/en/proboxer/658465
Heavyweight,805815,Che St John,http://boxrec.com/en/proboxer/805815
Heavyweight,722552,Kendrick Houston,http://boxrec.com/en/proboxer/722552
Heavyweight,829743,Jamie Anderson,http://boxrec.com/en/proboxer/829743
Heavyweight,847132,Paddy Nevin*,http://boxrec.com/en/proboxer/847132
Heavyweight,634047,Shaun Seymore,http://boxrec.com/en/proboxer/634047
Heavyweight,250412,Corey Williams,http://boxrec.com/en/proboxer/250412
Heavyweight,64803,Carlos Sandoval*,http://boxrec.com/en/proboxer/64803
Heavyweight,807659,Diogo da Conceicao Oliveira,http://boxrec.com/en/proboxer/807659
Heavyweight,661630,Tim Bronson,http://boxrec.com/en/proboxer/661630
Heavyweight,759457,Zheko Zhekov,http://boxrec.com/en/proboxer/759457
Heavyweight,391565,Satria Antasena,http://boxrec.com/en/proboxer/391565
Heavyweight,847238,Davmond Carter,http://boxrec.com/en/proboxer/847238
Heavyweight,846489,Michal Lukacik,http://boxrec.com/en/proboxer/846489
Heavyweight,646593,Cody Terry East,http://boxrec.com/en/proboxer/646593
Heavyweight,510565,Ken Frank,http://boxrec.com/en/proboxer/510565
Heavyweight,538895,Bernard Adie,http://boxrec.com/en/proboxer/538895
Heavyweight,804531,Edward Hood,http://boxrec.com/en/proboxer/804531
Heavyweight,696054,Ventura Vazquez,http://boxrec.com/en/proboxer/696054
Heavyweight,486781,Kizito Ruhamnye,http://boxrec.com/en/proboxer/486781
Heavyweight,700557,Morgan Dessaux,http://boxrec.com/en/proboxer/700557
Heavyweight,690504,Enrique Gastelum,http://boxrec.com/en/proboxer/690504
Heavyweight,827050,Anthony Martinez,http://boxrec.com/en/proboxer/827050
Heavyweight,676610,Esteban Raul Lopez,http://boxrec.com/en/proboxer/676610
Heavyweight,837237,Phil Williams*,http://boxrec.com/en/proboxer/837237
Heavyweight,14741,Marvin Hunt,http://boxrec.com/en/proboxer/14741
Heavyweight,492853,Gilberto Matheus Domingos,http://boxrec.com/en/proboxer/492853
Heavyweight,666282,Brian Imes,http://boxrec.com/en/proboxer/666282
Heavyweight,854497,Sam Watt,http://boxrec.com/en/proboxer/854497
Heavyweight,512699,Juan Luis Lopez Alcaraz,http://boxrec.com/en/proboxer/512699
Heavyweight,749418,Ja Sung Jo,http://boxrec.com/en/proboxer/749418
Heavyweight,693604,Joel Stower,http://boxrec.com/en/proboxer/693604
Heavyweight,692460,Jasmin Hasic,http://boxrec.com/en/proboxer/692460
Heavyweight,539660,Sherman Artis Jr,http://boxrec.com/en/proboxer/539660
Heavyweight,640461,Brett Jeffery,http://boxrec.com/en/proboxer/640461
Heavyweight,840038,Tigran Abraamyan,http://boxrec.com/en/proboxer/840038
Heavyweight,609167,Gocha Mtchedlishvili,http://boxrec.com/en/proboxer/609167
Heavyweight,824404,Andrew Satterfield,http://boxrec.com/en/proboxer/824404
Heavyweight,720238,George Fa'avae,http://boxrec.com/en/proboxer/720238
Heavyweight,532893,Nathan Bedwell,http://boxrec.com/en/proboxer/532893
Heavyweight,457037,Ryan Covert*,http://boxrec.com/en/proboxer/457037
Heavyweight,882994,Manuel Saldana,http://boxrec.com/en/proboxer/882994
Heavyweight,837236,George Fox*,http://boxrec.com/en/proboxer/837236
Heavyweight,690217,Deniz Kozig,http://boxrec.com/en/proboxer/690217
Heavyweight,429032,Chad Davis,http://boxrec.com/en/proboxer/429032
Heavyweight,572287,Paolo Iannucci,http://boxrec.com/en/proboxer/572287
Heavyweight,846149,Nkosi Solomon,http://boxrec.com/en/proboxer/846149
Heavyweight,855914,Izim Izbaki*,http://boxrec.com/en/proboxer/855914
Heavyweight,862985,Szabolcs Balazs,http://boxrec.com/en/proboxer/862985
Heavyweight,869142,Amir Elsaey,http://boxrec.com/en/proboxer/869142
Heavyweight,568031,Nick Dragich,http://boxrec.com/en/proboxer/568031
Heavyweight,856731,Marcelo Alejandro Chancalay,http://boxrec.com/en/proboxer/856731
Heavyweight,640549,Marko Vucevic,http://boxrec.com/en/proboxer/640549
Heavyweight,652777,Martin Rovcanin,http://boxrec.com/en/proboxer/652777
Heavyweight,716438,Srdan Govedarica,http://boxrec.com/en/proboxer/716438
Heavyweight,695645,Giovanni Rossoni,http://boxrec.com/en/proboxer/695645
Heavyweight,861607,Isikeli Navuni,http://boxrec.com/en/proboxer/861607
Heavyweight,507168,Petero Qica,http://boxrec.com/en/proboxer/507168
Heavyweight,706159,Osvaldo Peralta,http://boxrec.com/en/proboxer/706159
Heavyweight,811040,Saul Castro,http://boxrec.com/en/proboxer/811040
Heavyweight,761172,Davey Louis Vega Sanabria,http://boxrec.com/en/proboxer/761172
Heavyweight,830639,Stefan Talabisco*,http://boxrec.com/en/proboxer/830639
Heavyweight,850619,Nursultan Amanzholov,http://boxrec.com/en/proboxer/850619
Heavyweight,794790,Nicoy Clarke*,http://boxrec.com/en/proboxer/794790
Heavyweight,723199,Eric Schwartmann,http://boxrec.com/en/proboxer/723199
Heavyweight,80635,Juan Luis Gonzalez,http://boxrec.com/en/proboxer/80635
Heavyweight,890985,Mahmoud Afia,http://boxrec.com/en/proboxer/890985
Heavyweight,645507,Samir Barakovic,http://boxrec.com/en/proboxer/645507
Heavyweight,872565,Rocco Nolfi,http://boxrec.com/en/proboxer/872565
Heavyweight,602530,Rihards Bigis,http://boxrec.com/en/proboxer/602530
Heavyweight,730490,Eric Clive Wahlin,http://boxrec.com/en/proboxer/730490
Heavyweight,820603,Sergey Kalchugin,http://boxrec.com/en/proboxer/820603
Heavyweight,869623,Unjel Pedford,http://boxrec.com/en/proboxer/869623
Heavyweight,702666,Milen Paunov,http://boxrec.com/en/proboxer/702666
Heavyweight,537308,Yamato Fujinaka,http://boxrec.com/en/proboxer/537308
Heavyweight,763653,Gergely Horvath,http://boxrec.com/en/proboxer/763653
Heavyweight,759664,Nihad Askalani,http://boxrec.com/en/proboxer/759664
Heavyweight,872030,Lukas Wacker,http://boxrec.com/en/proboxer/872030
Heavyweight,802873,Jeff King*,http://boxrec.com/en/proboxer/802873
Heavyweight,848759,Art Santore,http://boxrec.com/en/proboxer/848759
Heavyweight,835518,Sergio Benjamin Vega,http://boxrec.com/en/proboxer/835518
Heavyweight,433177,Jose Manuel Paredes,http://boxrec.com/en/proboxer/433177
Heavyweight,683007,Jozsef Kormany,http://boxrec.com/en/proboxer/683007
Heavyweight,728032,Clayton Soriano de Lyra,http://boxrec.com/en/proboxer/728032
Heavyweight,774852,Alain Banongo,http://boxrec.com/en/proboxer/774852
Heavyweight,715033,Elvis Verastegui Torrico*,http://boxrec.com/en/proboxer/715033
Heavyweight,779809,Pawel Sowik,http://boxrec.com/en/proboxer/779809
Heavyweight,802498,Nader Tadros,http://boxrec.com/en/proboxer/802498
Heavyweight,461887,Helaman Olguin,http://boxrec.com/en/proboxer/461887
Heavyweight,866126,Volodymyr Katsuk,http://boxrec.com/en/proboxer/866126
Heavyweight,476234,Alfredo Trevino,http://boxrec.com/en/proboxer/476234
Heavyweight,525317,Julio Enrique Cuellar Cabrera,http://boxrec.com/en/proboxer/525317
Heavyweight,725935,Fatih Ulusoy,http://boxrec.com/en/proboxer/725935
Heavyweight,707476,Louie Darlin,http://boxrec.com/en/proboxer/707476
Heavyweight,807252,Jonasa Kavika*,http://boxrec.com/en/proboxer/807252
Heavyweight,730314,Curtis Head*,http://boxrec.com/en/proboxer/730314
Heavyweight,723432,Fabio Piazza,http://boxrec.com/en/proboxer/723432
Heavyweight,838673,Tomas Hanza,http://boxrec.com/en/proboxer/838673
Heavyweight,700451,Dave Mbah,http://boxrec.com/en/proboxer/700451
Heavyweight,835607,Keith Rydell Mayes Jr,http://boxrec.com/en/proboxer/835607
Heavyweight,869683,Vern Earwood,http://boxrec.com/en/proboxer/869683
Heavyweight,862338,Bahi Zaky,http://boxrec.com/en/proboxer/862338
Heavyweight,493359,Andy Perez,http://boxrec.com/en/proboxer/493359
Heavyweight,778394,Irakli Gvenetadze,http://boxrec.com/en/proboxer/778394
Heavyweight,446065,Tim Skolnik,http://boxrec.com/en/proboxer/446065
Heavyweight,828702,Shayne Smith,http://boxrec.com/en/proboxer/828702
Heavyweight,619790,Dylan Courson,http://boxrec.com/en/proboxer/619790
Heavyweight,829229,Lester De Paz,http://boxrec.com/en/proboxer/829229
Heavyweight,738202,Eric Hempstead,http://boxrec.com/en/proboxer/738202
Heavyweight,840789,Cruz Alfredo Duran,http://boxrec.com/en/proboxer/840789
Heavyweight,673288,Andras Balazs Farkas*,http://boxrec.com/en/proboxer/673288
Heavyweight,509513,Abdul Manem Kabbani,http://boxrec.com/en/proboxer/509513
Heavyweight,861481,Cole Yarborough,http://boxrec.com/en/proboxer/861481
Heavyweight,424168,Joseph Jones,http://boxrec.com/en/proboxer/424168
Heavyweight,884897,Chris Walker,http://boxrec.com/en/proboxer/884897
Heavyweight,148367,Ibrahim Marshall,http://boxrec.com/en/proboxer/148367
Heavyweight,393386,Manuel Banquez,http://boxrec.com/en/proboxer/393386
Heavyweight,724554,Willie Harvey,http://boxrec.com/en/proboxer/724554
Heavyweight,694223,Stanley Wright,http://boxrec.com/en/proboxer/694223
Heavyweight,455755,Tamas Kantor,http://boxrec.com/en/proboxer/455755
Heavyweight,868517,Tyrone Guy,http://boxrec.com/en/proboxer/868517
Heavyweight,303413,Anthony Trotter,http://boxrec.com/en/proboxer/303413
Heavyweight,684352,Davit Gorgiladze,http://boxrec.com/en/proboxer/684352
Heavyweight,795462,Benjamin Hernandez,http://boxrec.com/en/proboxer/795462
Heavyweight,767663,Jacob Snowden*,http://boxrec.com/en/proboxer/767663
Heavyweight,869082,Jacek Glowacki,http://boxrec.com/en/proboxer/869082
Heavyweight,642486,Michael Cornelius,http://boxrec.com/en/proboxer/642486
Heavyweight,707034,Omar Nunez Valderrama,http://boxrec.com/en/proboxer/707034
Heavyweight,705347,Rojhat Bilgetekin,http://boxrec.com/en/proboxer/705347
Heavyweight,725299,Aleksander Lepsveridze,http://boxrec.com/en/proboxer/725299
Heavyweight,820921,Ibrahim Odobasic,http://boxrec.com/en/proboxer/820921
Heavyweight,864204,Owen Minor,http://boxrec.com/en/proboxer/864204
Heavyweight,854619,Joshua Parrott,http://boxrec.com/en/proboxer/854619
Heavyweight,731059,Ivan Pineda*,http://boxrec.com/en/proboxer/731059
Heavyweight,871708,Arun Kumar,http://boxrec.com/en/proboxer/871708
Heavyweight,726204,Victor Mashaka,http://boxrec.com/en/proboxer/726204
Heavyweight,836575,Casper Turner,http://boxrec.com/en/proboxer/836575
Heavyweight,839939,Gyozo Horvath,http://boxrec.com/en/proboxer/839939
Heavyweight,855436,Michal Czykiel,http://boxrec.com/en/proboxer/855436
Heavyweight,856426,Igor Shevadzutskiy,http://boxrec.com/en/proboxer/856426
Heavyweight,863544,John King,http://boxrec.com/en/proboxer/863544
Heavyweight,864283,Justin Hodges*,http://boxrec.com/en/proboxer/864283
Heavyweight,867124,Zhecheslav Radevski,http://boxrec.com/en/proboxer/867124
Heavyweight,434873,Peter Sipos,http://boxrec.com/en/proboxer/434873
Heavyweight,329382,Laszlo Czene*,http://boxrec.com/en/proboxer/329382
Heavyweight,629892,Abdul Ghafour Esmaili*,http://boxrec.com/en/proboxer/629892
Heavyweight,738635,Juan Jorge Martinez Ruiz*,http://boxrec.com/en/proboxer/738635
Heavyweight,432648,Kaspars Kambala,http://boxrec.com/en/proboxer/432648
Heavyweight,823939,Jin Kyoo Choi,http://boxrec.com/en/proboxer/823939
Heavyweight,723439,Petr Frohlich,http://boxrec.com/en/proboxer/723439
Heavyweight,783905,Lazar Stojanovic,http://boxrec.com/en/proboxer/783905
Heavyweight,877522,Mateusz Cielepala,http://boxrec.com/en/proboxer/877522
Heavyweight,833237,Tim Farnsworth,http://boxrec.com/en/proboxer/833237
Heavyweight,718239,Vadims Tihomirovs,http://boxrec.com/en/proboxer/718239
Heavyweight,732527,David Cannon,http://boxrec.com/en/proboxer/732527
Heavyweight,832219,Kevin Saszik,http://boxrec.com/en/proboxer/832219
Heavyweight,730281,Jayson Aloese,http://boxrec.com/en/proboxer/730281
Heavyweight,824383,Nazareno Ricardo Dadario,http://boxrec.com/en/proboxer/824383
Heavyweight,828337,Luka Stajic,http://boxrec.com/en/proboxer/828337
Heavyweight,849378,Soo Ho Hong,http://boxrec.com/en/proboxer/849378
Heavyweight,790904,Robert Ferguson,http://boxrec.com/en/proboxer/790904
Heavyweight,748839,Sumit Rangi,http://boxrec.com/en/proboxer/748839
Heavyweight,818455,Michal Boloz*,http://boxrec.com/en/proboxer/818455
Heavyweight,741274,Dustin Long*,http://boxrec.com/en/proboxer/741274
Heavyweight,835489,Haris Delic,http://boxrec.com/en/proboxer/835489
Heavyweight,504006,Justin Novaria,http://boxrec.com/en/proboxer/504006
Heavyweight,611375,Thomas Hawkins,http://boxrec.com/en/proboxer/611375
Heavyweight,554706,Jose Nabor,http://boxrec.com/en/proboxer/554706
Heavyweight,808998,Noe Zamora,http://boxrec.com/en/proboxer/808998
Heavyweight,844951,Shaun Duffy*,http://boxrec.com/en/proboxer/844951
Heavyweight,829845,Adriatik Selimi,http://boxrec.com/en/proboxer/829845
Heavyweight,47982,Wilfredo German Arce,http://boxrec.com/en/proboxer/47982
Heavyweight,806832,Jake Paradise,http://boxrec.com/en/proboxer/806832
Heavyweight,856340,Ivan Arevalo,http://boxrec.com/en/proboxer/856340
Heavyweight,739528,Lawrence Gabriel,http://boxrec.com/en/proboxer/739528
Heavyweight,696933,Marc Subramoney,http://boxrec.com/en/proboxer/696933
Heavyweight,858811,Emanuele Venturelli,http://boxrec.com/en/proboxer/858811
Heavyweight,317137,Lamar Harris,http://boxrec.com/en/proboxer/317137
Heavyweight,676431,Robson Jorge Da Silva*,http://boxrec.com/en/proboxer/676431
Heavyweight,863540,Matthew Price,http://boxrec.com/en/proboxer/863540
Heavyweight,871930,Enrique Perez,http://boxrec.com/en/proboxer/871930
Heavyweight,874016,Pierce Terence Lopez Acevedo,http://boxrec.com/en/proboxer/874016
Heavyweight,886915,Mark Martinez,http://boxrec.com/en/proboxer/886915
Heavyweight,842088,Akash Girjapurkar,http://boxrec.com/en/proboxer/842088
Heavyweight,857766,Dorin Krasmaru,http://boxrec.com/en/proboxer/857766
Heavyweight,857842,Haris Aksalic,http://boxrec.com/en/proboxer/857842
Heavyweight,881154,Kureysh Sagov,http://boxrec.com/en/proboxer/881154
Heavyweight,879077,Nicholas Mills,http://boxrec.com/en/proboxer/879077
Heavyweight,383472,Vaughn Parham*,http://boxrec.com/en/proboxer/383472
Heavyweight,757198,Pano Tiatia,http://boxrec.com/en/proboxer/757198
Heavyweight,334748,Skylar Thompson,http://boxrec.com/en/proboxer/334748
Heavyweight,786719,Fernando Caro,http://boxrec.com/en/proboxer/786719
Heavyweight,528494,Gyorgy Kutasi,http://boxrec.com/en/proboxer/528494
Heavyweight,825639,Alex Ajabor,http://boxrec.com/en/proboxer/825639
Heavyweight,787217,Evander Tia,http://boxrec.com/en/proboxer/787217
Heavyweight,868431,Artur Kubiak,http://boxrec.com/en/proboxer/868431
Heavyweight,817718,Richard Gauna,http://boxrec.com/en/proboxer/817718
Heavyweight,838700,Miroslav Nikolov,http://boxrec.com/en/proboxer/838700
Heavyweight,880038,Chandler Cole,http://boxrec.com/en/proboxer/880038
Heavyweight,881147,Dmitry Levashev,http://boxrec.com/en/proboxer/881147
Heavyweight,802525,Marvin Feterika*,http://boxrec.com/en/proboxer/802525
Heavyweight,865229,Joshua Brown,http://boxrec.com/en/proboxer/865229
Heavyweight,779917,Warren le Roux,http://boxrec.com/en/proboxer/779917
Heavyweight,839938,Vladimir Rusnak,http://boxrec.com/en/proboxer/839938
Heavyweight,871286,Daniel Gonzaga Gutierrez,http://boxrec.com/en/proboxer/871286
Heavyweight,894724,Alam Syaputra,http://boxrec.com/en/proboxer/894724
Heavyweight,872164,Rodolzo Damahl Lewis,http://boxrec.com/en/proboxer/872164
Heavyweight,840897,Paolo Parente,http://boxrec.com/en/proboxer/840897
Heavyweight,850300,Jose Larduet*,http://boxrec.com/en/proboxer/850300
Heavyweight,42799,Marcin Najman,http://boxrec.com/en/proboxer/42799
Heavyweight,679118,Bugra Horus,http://boxrec.com/en/proboxer/679118
Heavyweight,866545,Shawn Gates,http://boxrec.com/en/proboxer/866545
Heavyweight,889178,Patrik Jevicky,http://boxrec.com/en/proboxer/889178
Heavyweight,8941,Willie Kyles,http://boxrec.com/en/proboxer/8941
Heavyweight,797804,Javier Munoz,http://boxrec.com/en/proboxer/797804
Heavyweight,872621,Roderic Okot,http://boxrec.com/en/proboxer/872621
Heavyweight,75790,Edgars Kalnars,http://boxrec.com/en/proboxer/75790
Heavyweight,396124,Dustin Nichols,http://boxrec.com/en/proboxer/396124
Heavyweight,816824,Jae Min Kim,http://boxrec.com/en/proboxer/816824
Heavyweight,884579,Georgij Fibich,http://boxrec.com/en/proboxer/884579
Heavyweight,898187,Kingsley Ibeh*,http://boxrec.com/en/proboxer/898187
Heavyweight,705955,Jesse Smith,http://boxrec.com/en/proboxer/705955
Heavyweight,750809,Anselme Gnassingbe,http://boxrec.com/en/proboxer/750809
Heavyweight,764896,Ron Blair,http://boxrec.com/en/proboxer/764896
Heavyweight,837337,Gaybullo Kuchkarov,http://boxrec.com/en/proboxer/837337
Heavyweight,843504,Giuseppe Scapoli,http://boxrec.com/en/proboxer/843504
Heavyweight,846384,Anthony Congemi,http://boxrec.com/en/proboxer/846384
Heavyweight,851860,Tony Lopez,http://boxrec.com/en/proboxer/851860
Heavyweight,854464,Gabor Ban,http://boxrec.com/en/proboxer/854464
Heavyweight,856052,Jin Sung Kim,http://boxrec.com/en/proboxer/856052
Heavyweight,857184,Mark Anthony Montemayor,http://boxrec.com/en/proboxer/857184
Heavyweight,859205,Ram Singh,http://boxrec.com/en/proboxer/859205
Heavyweight,860587,Pal Kokas,http://boxrec.com/en/proboxer/860587
Heavyweight,862643,Teagan Franco,http://boxrec.com/en/proboxer/862643
Heavyweight,866663,Vikas Malik,http://boxrec.com/en/proboxer/866663
Heavyweight,867215,Jabe Tyler,http://boxrec.com/en/proboxer/867215
Heavyweight,867317,Ricardo Arce,http://boxrec.com/en/proboxer/867317
Heavyweight,868041,Michael Lamar Johnson,http://boxrec.com/en/proboxer/868041
Heavyweight,870464,Rolando Soto,http://boxrec.com/en/proboxer/870464
Heavyweight,870804,Brant Dooley,http://boxrec.com/en/proboxer/870804
Heavyweight,871706,Parminder Singh,http://boxrec.com/en/proboxer/871706
Heavyweight,872237,Kendall Porter,http://boxrec.com/en/proboxer/872237
Heavyweight,872645,Jerome Morris,http://boxrec.com/en/proboxer/872645
Heavyweight,872805,Christopher Rueda,http://boxrec.com/en/proboxer/872805
Heavyweight,873499,Kasera Sirongo,http://boxrec.com/en/proboxer/873499
Heavyweight,874470,Dustin Jacoby,http://boxrec.com/en/proboxer/874470
Heavyweight,875395,Brandon Lynch*,http://boxrec.com/en/proboxer/875395
Heavyweight,876566,Alexander Molina,http://boxrec.com/en/proboxer/876566
Heavyweight,877961,Luis Molina-Quinones*,http://boxrec.com/en/proboxer/877961
Heavyweight,880777,D'Angelo Swaby,http://boxrec.com/en/proboxer/880777
Heavyweight,880848,Vladimir Markelov,http://boxrec.com/en/proboxer/880848
Heavyweight,881286,Jorge Martinez,http://boxrec.com/en/proboxer/881286
Heavyweight,882533,Jorge Luis Fernandez Machorro,http://boxrec.com/en/proboxer/882533
Heavyweight,883416,Vartan Arutyunyan,http://boxrec.com/en/proboxer/883416
Heavyweight,883834,Luke Burgess,http://boxrec.com/en/proboxer/883834
Heavyweight,885660,Riza Baydilli,http://boxrec.com/en/proboxer/885660
Heavyweight,886699,Cornelius Hayes,http://boxrec.com/en/proboxer/886699
Heavyweight,888218,Vyacheslav Ryabov,http://boxrec.com/en/proboxer/888218
Heavyweight,895438,Xi Wang Yu,http://boxrec.com/en/proboxer/895438
Heavyweight,895950,Geovany Bruzon,http://boxrec.com/en/proboxer/895950
Heavyweight,896388,Daniel Ramirez,http://boxrec.com/en/proboxer/896388
Heavyweight,896444,Dmitry Akhtsiger,http://boxrec.com/en/proboxer/896444
Heavyweight,897197,Isa Kortag,http://boxrec.com/en/proboxer/897197
Heavyweight,897617,Adabay Daryoush,http://boxrec.com/en/proboxer/897617
Heavyweight,897805,Ubaldo Resendiz,http://boxrec.com/en/proboxer/897805
Heavyweight,898039,Jose Galaviz,http://boxrec.com/en/proboxer/898039
Heavyweight,33184,Michael Shanks,http://boxrec.com/en/proboxer/33184
Heavyweight,815136,Rodriguez Cade,http://boxrec.com/en/proboxer/815136
Heavyweight,753721,Bruno Pranto,http://boxrec.com/en/proboxer/753721
Heavyweight,831173,Martin Berky,http://boxrec.com/en/proboxer/831173
Heavyweight,530130,Juan Camilo Gualdron,http://boxrec.com/en/proboxer/530130
Heavyweight,827117,Juan Torres*,http://boxrec.com/en/proboxer/827117
Heavyweight,878446,Vaclav Trojacek,http://boxrec.com/en/proboxer/878446
Heavyweight,707696,Nhlanganipho Gwamanda,http://boxrec.com/en/proboxer/707696
Heavyweight,843295,Jason Soto*,http://boxrec.com/en/proboxer/843295
Heavyweight,536007,Damion Reed,http://boxrec.com/en/proboxer/536007
Heavyweight,810155,Nigel Groves,http://boxrec.com/en/proboxer/810155
Heavyweight,372878,Chris Brown,http://boxrec.com/en/proboxer/372878
Heavyweight,784204,Johnny Michelena,http://boxrec.com/en/proboxer/784204
Heavyweight,351524,Alipate Naqata,http://boxrec.com/en/proboxer/351524
Heavyweight,702966,Haris Radmilovic,http://boxrec.com/en/proboxer/702966
Heavyweight,609047,Hudson Muhumuza,http://boxrec.com/en/proboxer/609047
Heavyweight,766152,Oleksandr Pavliuk,http://boxrec.com/en/proboxer/766152
Heavyweight,775500,Andres Abreu,http://boxrec.com/en/proboxer/775500
Heavyweight,800531,Aliaksandr Niakhaichyk,http://boxrec.com/en/proboxer/800531
Heavyweight,877516,Kacper Meyna,http://boxrec.com/en/proboxer/877516
Heavyweight,883440,Samisoni Tawaivuna,http://boxrec.com/en/proboxer/883440
Heavyweight,860970,Nathaniel Copeland,http://boxrec.com/en/proboxer/860970
Heavyweight,72515,Eliseo Valdez,http://boxrec.com/en/proboxer/72515
Heavyweight,788018,Emrullah Kaya,http://boxrec.com/en/proboxer/788018
Heavyweight,30951,Jorge Alfredo Leal,http://boxrec.com/en/proboxer/30951
Heavyweight,727286,Harris Tucker,http://boxrec.com/en/proboxer/727286
Heavyweight,866446,Callum Godfrey,http://boxrec.com/en/proboxer/866446
Heavyweight,382294,Omari Braxton*,http://boxrec.com/en/proboxer/382294
Heavyweight,844464,Kevin Debigare,http://boxrec.com/en/proboxer/844464
Heavyweight,863545,Nicholas Tipton,http://boxrec.com/en/proboxer/863545
Heavyweight,65595,Anthony Williams*,http://boxrec.com/en/proboxer/65595
Heavyweight,448926,Oleksandr Nesterenko,http://boxrec.com/en/proboxer/448926
Heavyweight,474100,Esteban Sosa Vazquez,http://boxrec.com/en/proboxer/474100
Heavyweight,826348,Jake Reeves,http://boxrec.com/en/proboxer/826348
Heavyweight,244818,Ferenc Zsalek*,http://boxrec.com/en/proboxer/244818
Heavyweight,700326,Preston King,http://boxrec.com/en/proboxer/700326
Heavyweight,827838,Rasul Alautdinov,http://boxrec.com/en/proboxer/827838
Heavyweight,847468,Pavlo Krolenko,http://boxrec.com/en/proboxer/847468
Heavyweight,812434,Lawrence Subelka,http://boxrec.com/en/proboxer/812434
Heavyweight,874951,Luke Shiels,http://boxrec.com/en/proboxer/874951
Heavyweight,738051,Steve Tagnang Momo,http://boxrec.com/en/proboxer/738051
Heavyweight,764895,Lamarco Ellis,http://boxrec.com/en/proboxer/764895
Heavyweight,796587,Diego Bustos,http://boxrec.com/en/proboxer/796587
Heavyweight,14374,Sejfula Berisa,http://boxrec.com/en/proboxer/14374
Heavyweight,191519,Roman Borquez,http://boxrec.com/en/proboxer/191519
Heavyweight,838104,Alejandro Hinojosa Jacobo,http://boxrec.com/en/proboxer/838104
Heavyweight,788237,Sebastian Palacios,http://boxrec.com/en/proboxer/788237
Heavyweight,837926,Michael Manna*,http://boxrec.com/en/proboxer/837926
Heavyweight,874548,Adrian Parra,http://boxrec.com/en/proboxer/874548
Heavyweight,625991,Jesus Hernandez,http://boxrec.com/en/proboxer/625991
Heavyweight,761447,Walter Ramon Alvarez,http://boxrec.com/en/proboxer/761447
Heavyweight,831759,Ayman Farouk Abbas,http://boxrec.com/en/proboxer/831759
Heavyweight,886908,Ali Colon,http://boxrec.com/en/proboxer/886908
Heavyweight,325290,Michael Davis,http://boxrec.com/en/proboxer/325290
Heavyweight,795440,Oleg Fomichev,http://boxrec.com/en/proboxer/795440
Heavyweight,737081,Victor Jimenez,http://boxrec.com/en/proboxer/737081
Heavyweight,575880,Humberto Chavez,http://boxrec.com/en/proboxer/575880
Heavyweight,815173,Daniel Felix Franco,http://boxrec.com/en/proboxer/815173
Heavyweight,831538,Rupeni Rasaku,http://boxrec.com/en/proboxer/831538
Heavyweight,860904,Daniel Butcher,http://boxrec.com/en/proboxer/860904
Heavyweight,743334,Manuel Duran,http://boxrec.com/en/proboxer/743334
Heavyweight,856406,Julio Ibanez,http://boxrec.com/en/proboxer/856406
Heavyweight,713242,Joe Hill,http://boxrec.com/en/proboxer/713242
Heavyweight,670974,Mohamad Ali Sleiman,http://boxrec.com/en/proboxer/670974
Heavyweight,681141,Jared Torgeson,http://boxrec.com/en/proboxer/681141
Heavyweight,875049,Kaseem Saleem*,http://boxrec.com/en/proboxer/875049
Heavyweight,691772,Lioscar Malo,http://boxrec.com/en/proboxer/691772
Heavyweight,897609,Marko Bartulovic,http://boxrec.com/en/proboxer/897609
Heavyweight,667950,Artsiom Charniakevich,http://boxrec.com/en/proboxer/667950
Heavyweight,791108,Dennis Jochem,http://boxrec.com/en/proboxer/791108
Heavyweight,854179,Edgar Medina,http://boxrec.com/en/proboxer/854179
Heavyweight,39538,Alfredo Cervantes,http://boxrec.com/en/proboxer/39538
Heavyweight,676137,Dwight Gipson,http://boxrec.com/en/proboxer/676137
Heavyweight,362113,Leonardo De Moura,http://boxrec.com/en/proboxer/362113
Heavyweight,624063,Jorge Rodriguez,http://boxrec.com/en/proboxer/624063
Heavyweight,642776,Ruben Juarez,http://boxrec.com/en/proboxer/642776
Heavyweight,803931,Matthew Glover*,http://boxrec.com/en/proboxer/803931
Heavyweight,877606,Jack Maris*,http://boxrec.com/en/proboxer/877606
Heavyweight,848749,Daniel Infante,http://boxrec.com/en/proboxer/848749
Heavyweight,851869,Matthew Shefferd,http://boxrec.com/en/proboxer/851869
Heavyweight,857265,Juergen Dolch,http://boxrec.com/en/proboxer/857265
Heavyweight,859345,Pawel Slowik,http://boxrec.com/en/proboxer/859345
Heavyweight,864812,Suraj Yadav,http://boxrec.com/en/proboxer/864812
Heavyweight,870893,Alfred Lewis,http://boxrec.com/en/proboxer/870893
Heavyweight,877628,Milos Milovanovic,http://boxrec.com/en/proboxer/877628
Heavyweight,883323,Ranjeet Singh,http://boxrec.com/en/proboxer/883323
Heavyweight,883336,Jaspreet Singh,http://boxrec.com/en/proboxer/883336
Heavyweight,883682,Matthew Jones*,http://boxrec.com/en/proboxer/883682
Heavyweight,884144,Mekki Sahli,http://boxrec.com/en/proboxer/884144
Heavyweight,885452,Joo Hyun Kim,http://boxrec.com/en/proboxer/885452
Heavyweight,885641,Ji Hoon Won,http://boxrec.com/en/proboxer/885641
Heavyweight,890873,Sung Min Kwon,http://boxrec.com/en/proboxer/890873
Heavyweight,894929,Jakub Sosinski,http://boxrec.com/en/proboxer/894929
Heavyweight,897208,Roozbeh Safari,http://boxrec.com/en/proboxer/897208
Heavyweight,897720,Man Suk Lee,http://boxrec.com/en/proboxer/897720
Heavyweight,898833,Milos Veletic,http://boxrec.com/en/proboxer/898833
Heavyweight,618306,Dakota Talbott,http://boxrec.com/en/proboxer/618306
Heavyweight,842033,Ryan Edwards,http://boxrec.com/en/proboxer/842033
Heavyweight,854877,Armonte Summers,http://boxrec.com/en/proboxer/854877
Heavyweight,523214,Michael Sunkett,http://boxrec.com/en/proboxer/523214
Heavyweight,855300,Massimo Notari,http://boxrec.com/en/proboxer/855300
Heavyweight,871223,Miguel Vizcarra,http://boxrec.com/en/proboxer/871223
Heavyweight,639537,Edgar Montejo*,http://boxrec.com/en/proboxer/639537
Heavyweight,817287,Ruben Sanchez,http://boxrec.com/en/proboxer/817287
Heavyweight,804509,David Bejarano,http://boxrec.com/en/proboxer/804509
Heavyweight,838080,Samy Abdalla,http://boxrec.com/en/proboxer/838080
Heavyweight,838977,Murteza Husein,http://boxrec.com/en/proboxer/838977
Heavyweight,856166,Omar Salah,http://boxrec.com/en/proboxer/856166
Heavyweight,859803,Jonathan Alas,http://boxrec.com/en/proboxer/859803
Heavyweight,803498,Marcelo de Souza Cruz,http://boxrec.com/en/proboxer/803498
Heavyweight,813190,Heath Soderstrom,http://boxrec.com/en/proboxer/813190
Heavyweight,738311,Rafaelle Palusci,http://boxrec.com/en/proboxer/738311
Heavyweight,728040,Luis Gregorio Castedo Yapovenda*,http://boxrec.com/en/proboxer/728040
Heavyweight,342796,Martin Stensky,http://boxrec.com/en/proboxer/342796
Heavyweight,354913,Radovan Kuca,http://boxrec.com/en/proboxer/354913
Heavyweight,671334,Carlos Alberto Marquez,http://boxrec.com/en/proboxer/671334
Heavyweight,806481,Omar Acosta,http://boxrec.com/en/proboxer/806481
Heavyweight,650152,Janos Koczian,http://boxrec.com/en/proboxer/650152
Heavyweight,718570,Luis Pavel Cortes,http://boxrec.com/en/proboxer/718570
Heavyweight,859993,Samuel Zade,http://boxrec.com/en/proboxer/859993
Heavyweight,34247,Sasa Nebrigic,http://boxrec.com/en/proboxer/34247
Heavyweight,620121,Jose Carlos Cuevas,http://boxrec.com/en/proboxer/620121
Heavyweight,842926,Cameron Tukua,http://boxrec.com/en/proboxer/842926
Heavyweight,805210,Deshaun Fowler,http://boxrec.com/en/proboxer/805210
Heavyweight,887963,Karel Adam,http://boxrec.com/en/proboxer/887963
Heavyweight,727883,Hayden Wright,http://boxrec.com/en/proboxer/727883
Heavyweight,815535,Anuraj Sangwan,http://boxrec.com/en/proboxer/815535
Heavyweight,867316,Leobardo Morales,http://boxrec.com/en/proboxer/867316
Heavyweight,880856,Maxim Bolotov,http://boxrec.com/en/proboxer/880856
Heavyweight,889251,Pascual Hodgson,http://boxrec.com/en/proboxer/889251
Heavyweight,539324,Isiah Barela,http://boxrec.com/en/proboxer/539324
Heavyweight,783552,Ignacio Zambrano,http://boxrec.com/en/proboxer/783552
Heavyweight,761173,Demonte Cherry*,http://boxrec.com/en/proboxer/761173
Heavyweight,853452,Joe Gagliardi Jr,http://boxrec.com/en/proboxer/853452
Heavyweight,869616,Otto Zolde,http://boxrec.com/en/proboxer/869616
Heavyweight,884004,David Mundell,http://boxrec.com/en/proboxer/884004
Heavyweight,628723,James Roe,http://boxrec.com/en/proboxer/628723
Heavyweight,682693,Gary Kelly,http://boxrec.com/en/proboxer/682693
Heavyweight,763589,Belmin Pasalic,http://boxrec.com/en/proboxer/763589
Heavyweight,785280,Miloslav Pavek,http://boxrec.com/en/proboxer/785280
Heavyweight,511948,Chad Thrun,http://boxrec.com/en/proboxer/511948
Heavyweight,762277,N'Valaye Sesay*,http://boxrec.com/en/proboxer/762277
Heavyweight,843074,Charles Brown,http://boxrec.com/en/proboxer/843074
Heavyweight,855903,Julius Poananga,http://boxrec.com/en/proboxer/855903
Heavyweight,858792,Yondell Johnson,http://boxrec.com/en/proboxer/858792
Heavyweight,880851,Costin Barba,http://boxrec.com/en/proboxer/880851
Heavyweight,881966,Vadym Kostiuchok,http://boxrec.com/en/proboxer/881966
Heavyweight,422331,Mafa Telepe*,http://boxrec.com/en/proboxer/422331
Heavyweight,790638,Gonzalo Jose Roldan,http://boxrec.com/en/proboxer/790638
Heavyweight,72590,Attila Huszka,http://boxrec.com/en/proboxer/72590
Heavyweight,480151,Antonio Aguilera,http://boxrec.com/en/proboxer/480151
Heavyweight,799848,Rafael Abdala Sanchez,http://boxrec.com/en/proboxer/799848
Heavyweight,474152,Juan Cruz Moroyoqui,http://boxrec.com/en/proboxer/474152
Heavyweight,576091,Colin 'Butch' Goldhawk*,http://boxrec.com/en/proboxer/576091
Heavyweight,849377,Chang Hoon Sung,http://boxrec.com/en/proboxer/849377
Heavyweight,275683,Trevor Pasha,http://boxrec.com/en/proboxer/275683
Heavyweight,542685,Hrvoje Bozinovic,http://boxrec.com/en/proboxer/542685
Heavyweight,674376,Milos Dovedan,http://boxrec.com/en/proboxer/674376
Heavyweight,262026,Stefan Kusnier,http://boxrec.com/en/proboxer/262026
Heavyweight,854438,Patricio Diaz,http://boxrec.com/en/proboxer/854438
Heavyweight,865109,Tony Urbina,http://boxrec.com/en/proboxer/865109
Heavyweight,890875,Sung Yun Kim,http://boxrec.com/en/proboxer/890875
Heavyweight,692376,Nedeljko Cvorovic,http://boxrec.com/en/proboxer/692376
Heavyweight,735610,Corey Morley,http://boxrec.com/en/proboxer/735610
Heavyweight,788630,Jordan Mororoa,http://boxrec.com/en/proboxer/788630
Heavyweight,789851,Wallace Too,http://boxrec.com/en/proboxer/789851
Heavyweight,855301,Alessio Marchese,http://boxrec.com/en/proboxer/855301
Heavyweight,349235,Jairus Gladney,http://boxrec.com/en/proboxer/349235
Heavyweight,621898,Attila Szladek,http://boxrec.com/en/proboxer/621898
Heavyweight,664870,Mugabon Mudimba,http://boxrec.com/en/proboxer/664870
Heavyweight,894319,Abdelazim Ali,http://boxrec.com/en/proboxer/894319
Heavyweight,17184,Pavel Siska,http://boxrec.com/en/proboxer/17184
Heavyweight,134679,Huston Crayton,http://boxrec.com/en/proboxer/134679
Heavyweight,261887,Gerardo Escobar,http://boxrec.com/en/proboxer/261887
Heavyweight,456939,Mareks Kovalevskis,http://boxrec.com/en/proboxer/456939
Heavyweight,478371,Yurii Horbenko,http://boxrec.com/en/proboxer/478371
Heavyweight,489135,Jermaine Harris,http://boxrec.com/en/proboxer/489135
Heavyweight,496053,Fabian Jauregui,http://boxrec.com/en/proboxer/496053
Heavyweight,539718,Bekzodjon Rakhmonov,http://boxrec.com/en/proboxer/539718
Heavyweight,578637,Ricardo Reyes,http://boxrec.com/en/proboxer/578637
Heavyweight,584419,Daniel Noguera,http://boxrec.com/en/proboxer/584419
Heavyweight,587402,Robert Taylor,http://boxrec.com/en/proboxer/587402
Heavyweight,661438,Victor Eduardo Avila,http://boxrec.com/en/proboxer/661438
Heavyweight,662909,Tyrone Williams,http://boxrec.com/en/proboxer/662909
Heavyweight,673501,Ramon Gallegos,http://boxrec.com/en/proboxer/673501
Heavyweight,674474,Magdiel Leyva,http://boxrec.com/en/proboxer/674474
Heavyweight,692393,Emir Islamovic,http://boxrec.com/en/proboxer/692393
Heavyweight,694723,Ramazan Yilmaz,http://boxrec.com/en/proboxer/694723
Heavyweight,697843,Elmin Handanagic,http://boxrec.com/en/proboxer/697843
Heavyweight,700124,Eric Lunsford,http://boxrec.com/en/proboxer/700124
Heavyweight,703146,Shawn Rapha,http://boxrec.com/en/proboxer/703146
Heavyweight,714300,Rob Manual,http://boxrec.com/en/proboxer/714300
Heavyweight,723520,Rick Reed,http://boxrec.com/en/proboxer/723520
Heavyweight,730487,John Dubois,http://boxrec.com/en/proboxer/730487
Heavyweight,730891,Juan Jose Torres Zaragoza,http://boxrec.com/en/proboxer/730891
Heavyweight,732158,Darin Shaw,http://boxrec.com/en/proboxer/732158
Heavyweight,741684,Daniel Cordero,http://boxrec.com/en/proboxer/741684
Heavyweight,749810,Aron Alexis Franco,http://boxrec.com/en/proboxer/749810
Heavyweight,750121,Jimmie Levins,http://boxrec.com/en/proboxer/750121
Heavyweight,761793,Jure Majic,http://boxrec.com/en/proboxer/761793
Heavyweight,763494,Cory Schooley,http://boxrec.com/en/proboxer/763494
Heavyweight,763522,Mose Smith,http://boxrec.com/en/proboxer/763522
Heavyweight,764974,Luis Fabela,http://boxrec.com/en/proboxer/764974
Heavyweight,766231,Milos Mandic,http://boxrec.com/en/proboxer/766231
Heavyweight,766923,Salum Habibu,http://boxrec.com/en/proboxer/766923
Heavyweight,768134,Prakob Chaiman,http://boxrec.com/en/proboxer/768134
Heavyweight,768816,Zoltan Kasza,http://boxrec.com/en/proboxer/768816
Heavyweight,772102,Darryl Madison,http://boxrec.com/en/proboxer/772102
Heavyweight,777988,Juan Jose Cardenas Gutierrez,http://boxrec.com/en/proboxer/777988
Heavyweight,778676,Darwin Arboleda,http://boxrec.com/en/proboxer/778676
Heavyweight,779922,Wikus Ludeke,http://boxrec.com/en/proboxer/779922
Heavyweight,781155,Ash McConville,http://boxrec.com/en/proboxer/781155
Heavyweight,781202,Edgar Jair Amaral,http://boxrec.com/en/proboxer/781202
Heavyweight,789516,Aleh Zablotski,http://boxrec.com/en/proboxer/789516
Heavyweight,789994,Ruben Roundstone,http://boxrec.com/en/proboxer/789994
Heavyweight,792089,Henry Wright,http://boxrec.com/en/proboxer/792089
Heavyweight,792250,Igor Kantar,http://boxrec.com/en/proboxer/792250
Heavyweight,796657,Demetrius Shaw,http://boxrec.com/en/proboxer/796657
Heavyweight,797654,Daniel Mejia Hernandez,http://boxrec.com/en/proboxer/797654
Heavyweight,797786,Michael Harrington,http://boxrec.com/en/proboxer/797786
Heavyweight,798813,Cesar Mamani*,http://boxrec.com/en/proboxer/798813
Heavyweight,803932,Thomas Moreno,http://boxrec.com/en/proboxer/803932
Heavyweight,804504,Machiavelli Farrakhan Siberius,http://boxrec.com/en/proboxer/804504
Heavyweight,805972,Bryan Canady,http://boxrec.com/en/proboxer/805972
Heavyweight,811041,Leonardo Torres Aguilar,http://boxrec.com/en/proboxer/811041
Heavyweight,811098,Manuel Alejandro Higuera,http://boxrec.com/en/proboxer/811098
Heavyweight,814318,Vincenzo Anzalone,http://boxrec.com/en/proboxer/814318
Heavyweight,815622,Chase Beach,http://boxrec.com/en/proboxer/815622
Heavyweight,815863,Aleksandar Aleksic,http://boxrec.com/en/proboxer/815863
Heavyweight,815948,Alejandro Esquilin Santiago,http://boxrec.com/en/proboxer/815948
Heavyweight,815997,Zoltan Enyedi,http://boxrec.com/en/proboxer/815997
Heavyweight,816881,Viliamu Motusaga*,http://boxrec.com/en/proboxer/816881
Heavyweight,817245,Issac Maganga,http://boxrec.com/en/proboxer/817245
Heavyweight,817785,Blazej Nagorski,http://boxrec.com/en/proboxer/817785
Heavyweight,818285,Johann Becker,http://boxrec.com/en/proboxer/818285
Heavyweight,818597,Ricardo Enrique Arce Rodriguez,http://boxrec.com/en/proboxer/818597
Heavyweight,819776,Milos Stevic,http://boxrec.com/en/proboxer/819776
Heavyweight,823940,Kook Lee,http://boxrec.com/en/proboxer/823940
Heavyweight,824278,Collen Mavhundutse,http://boxrec.com/en/proboxer/824278
Heavyweight,825640,Lamar Lewis,http://boxrec.com/en/proboxer/825640
Heavyweight,827116,Greg Richter,http://boxrec.com/en/proboxer/827116
Heavyweight,831687,Ibrahim Ashanawy,http://boxrec.com/en/proboxer/831687
Heavyweight,832745,Allen Campoy Ruiz,http://boxrec.com/en/proboxer/832745
Heavyweight,834597,Sven Spaethmann,http://boxrec.com/en/proboxer/834597
Heavyweight,835664,Matereti Canavanua,http://boxrec.com/en/proboxer/835664
Heavyweight,835991,Ertan Hosses,http://boxrec.com/en/proboxer/835991
Heavyweight,836842,Stefan Paladin,http://boxrec.com/en/proboxer/836842
Heavyweight,839940,Gyorgy Sandor Baga,http://boxrec.com/en/proboxer/839940
Heavyweight,840348,Delrae Robati,http://boxrec.com/en/proboxer/840348
Heavyweight,842386,Allen Melson,http://boxrec.com/en/proboxer/842386
Heavyweight,843161,Andre Brewer,http://boxrec.com/en/proboxer/843161
Heavyweight,843516,Rashard Readus,http://boxrec.com/en/proboxer/843516
Heavyweight,844122,Nilson Del Mar,http://boxrec.com/en/proboxer/844122
Heavyweight,845598,Fernando Temoteo Gomes,http://boxrec.com/en/proboxer/845598
Heavyweight,846014,Thomas Hobbs,http://boxrec.com/en/proboxer/846014
Heavyweight,846487,Albert Micura,http://boxrec.com/en/proboxer/846487
Heavyweight,847416,Manorom Khikhunthod,http://boxrec.com/en/proboxer/847416
Heavyweight,848668,John Carmona,http://boxrec.com/en/proboxer/848668
Heavyweight,848856,Milton Martin,http://boxrec.com/en/proboxer/848856
Heavyweight,849376,Hye Myung Lee,http://boxrec.com/en/proboxer/849376
Heavyweight,849479,Michael Hoffmann,http://boxrec.com/en/proboxer/849479
Heavyweight,849480,Thor Hueckstedt,http://boxrec.com/en/proboxer/849480
Heavyweight,849675,Joshua Romero*,http://boxrec.com/en/proboxer/849675
Heavyweight,849716,Shukhrat Kurbanov,http://boxrec.com/en/proboxer/849716
Heavyweight,849743,Khalil Brown,http://boxrec.com/en/proboxer/849743
Heavyweight,849813,Kwasi Horton,http://boxrec.com/en/proboxer/849813
Heavyweight,850247,Drew Elrod,http://boxrec.com/en/proboxer/850247
Heavyweight,850723,Gerson Martinez,http://boxrec.com/en/proboxer/850723
Heavyweight,850764,Abdarhmane Coulibaly,http://boxrec.com/en/proboxer/850764
Heavyweight,851298,Amil Ramos,http://boxrec.com/en/proboxer/851298
Heavyweight,851369,Abdullad Saad Alghmadi,http://boxrec.com/en/proboxer/851369
Heavyweight,851853,Dale Sopi,http://boxrec.com/en/proboxer/851853
Heavyweight,852692,Richard Soto,http://boxrec.com/en/proboxer/852692
Heavyweight,852790,Sorraphat Yarmsri,http://boxrec.com/en/proboxer/852790
Heavyweight,853353,Milan Opacic,http://boxrec.com/en/proboxer/853353
Heavyweight,854461,Nenad Letic,http://boxrec.com/en/proboxer/854461
Heavyweight,854622,Kaloyan Yordanov,http://boxrec.com/en/proboxer/854622
Heavyweight,854629,James Advincola,http://boxrec.com/en/proboxer/854629
Heavyweight,855419,Mario Tanka,http://boxrec.com/en/proboxer/855419
Heavyweight,855422,Sandor Czigler,http://boxrec.com/en/proboxer/855422
Heavyweight,855435,Jozef Voros,http://boxrec.com/en/proboxer/855435
Heavyweight,855437,Kevin Fodor,http://boxrec.com/en/proboxer/855437
Heavyweight,855449,Nikolaos Daniiloglou,http://boxrec.com/en/proboxer/855449
Heavyweight,855934,Joshua Allotey,http://boxrec.com/en/proboxer/855934
Heavyweight,856248,Esene Pono*,http://boxrec.com/en/proboxer/856248
Heavyweight,856365,Vercell Webster,http://boxrec.com/en/proboxer/856365
Heavyweight,856845,Stanislav Kristof,http://boxrec.com/en/proboxer/856845
Heavyweight,857266,Marco Basciano,http://boxrec.com/en/proboxer/857266
Heavyweight,857337,Dell Sefton,http://boxrec.com/en/proboxer/857337
Heavyweight,857440,Balazs Varga,http://boxrec.com/en/proboxer/857440
Heavyweight,857564,Raul Rosales,http://boxrec.com/en/proboxer/857564
Heavyweight,857592,Ramon Ojeda,http://boxrec.com/en/proboxer/857592
Heavyweight,857843,Nico Yamdjie,http://boxrec.com/en/proboxer/857843
Heavyweight,858106,David Salazar,http://boxrec.com/en/proboxer/858106
Heavyweight,858188,Justin Janes,http://boxrec.com/en/proboxer/858188
Heavyweight,858393,Aleksejs Grisanovics,http://boxrec.com/en/proboxer/858393
Heavyweight,858579,Gilson Jeputers,http://boxrec.com/en/proboxer/858579
Heavyweight,858767,Ivan Aratsky,http://boxrec.com/en/proboxer/858767
Heavyweight,858814,Hueseyin Salih Akyuez,http://boxrec.com/en/proboxer/858814
Heavyweight,858819,Samir Begic,http://boxrec.com/en/proboxer/858819
Heavyweight,858837,Anthony Morris,http://boxrec.com/en/proboxer/858837
Heavyweight,858926,Victor Hugo Velasco Duran,http://boxrec.com/en/proboxer/858926
Heavyweight,858940,Eduardo Augusto Goncalve Ferreira Rocha,http://boxrec.com/en/proboxer/858940
Heavyweight,859206,Varun Tiwari,http://boxrec.com/en/proboxer/859206
Heavyweight,859638,David Madueno,http://boxrec.com/en/proboxer/859638
Heavyweight,860655,Dragan Kokanovic,http://boxrec.com/en/proboxer/860655
Heavyweight,860926,Dzianis Krasnadubau,http://boxrec.com/en/proboxer/860926
Heavyweight,860942,Chandler Whitfield,http://boxrec.com/en/proboxer/860942
Heavyweight,861119,Jordan Mitchell,http://boxrec.com/en/proboxer/861119
Heavyweight,861271,Artem Amoian,http://boxrec.com/en/proboxer/861271
Heavyweight,861836,Viesturs Knospe,http://boxrec.com/en/proboxer/861836
Heavyweight,861969,La'Vonte Jackson,http://boxrec.com/en/proboxer/861969
Heavyweight,862060,Joaquin Lizaliturri,http://boxrec.com/en/proboxer/862060
Heavyweight,862148,Laszlo Ondrejcsik,http://boxrec.com/en/proboxer/862148
Heavyweight,864045,Alahadidin Sovuksu,http://boxrec.com/en/proboxer/864045
Heavyweight,864046,Uemit Guelseven,http://boxrec.com/en/proboxer/864046
Heavyweight,864100,Chris Beal,http://boxrec.com/en/proboxer/864100
Heavyweight,864111,Rudy Silvas,http://boxrec.com/en/proboxer/864111
Heavyweight,864440,Mahmoud Ezzat,http://boxrec.com/en/proboxer/864440
Heavyweight,864886,Ivan Martinez,http://boxrec.com/en/proboxer/864886
Heavyweight,865421,Cleveland Billingsly III,http://boxrec.com/en/proboxer/865421
Heavyweight,865578,Sourav Khatri,http://boxrec.com/en/proboxer/865578
Heavyweight,865585,Wade Bruins,http://boxrec.com/en/proboxer/865585
Heavyweight,865677,Leonel Cazarez,http://boxrec.com/en/proboxer/865677
Heavyweight,866051,Justin Kehoe,http://boxrec.com/en/proboxer/866051
Heavyweight,866101,Terrence Hoges,http://boxrec.com/en/proboxer/866101
Heavyweight,866664,Arnon Junkot,http://boxrec.com/en/proboxer/866664
Heavyweight,866698,Kwame Benson,http://boxrec.com/en/proboxer/866698
Heavyweight,866700,Paris Liles,http://boxrec.com/en/proboxer/866700
Heavyweight,867216,Paradise Mann,http://boxrec.com/en/proboxer/867216
Heavyweight,868122,Nelson Montalvan,http://boxrec.com/en/proboxer/868122
Heavyweight,868409,Mohamed Azab,http://boxrec.com/en/proboxer/868409
Heavyweight,868432,Tomasz Piechocki,http://boxrec.com/en/proboxer/868432
Heavyweight,868515,Taner Oencuel,http://boxrec.com/en/proboxer/868515
Heavyweight,868705,Rodrigo Quintero,http://boxrec.com/en/proboxer/868705
Heavyweight,869081,Radoslaw Kawczak,http://boxrec.com/en/proboxer/869081
Heavyweight,869103,Gabor Soregi,http://boxrec.com/en/proboxer/869103
Heavyweight,869287,Dean Wingrove,http://boxrec.com/en/proboxer/869287
Heavyweight,869514,Jamie Black,http://boxrec.com/en/proboxer/869514
Heavyweight,869682,Donald Pierce,http://boxrec.com/en/proboxer/869682
Heavyweight,869875,Eddie Sisneros,http://boxrec.com/en/proboxer/869875
Heavyweight,869939,Logan Bertrand,http://boxrec.com/en/proboxer/869939
Heavyweight,870214,Ibrahim Demirezen,http://boxrec.com/en/proboxer/870214
Heavyweight,870261,Jovan Krajinovic,http://boxrec.com/en/proboxer/870261
Heavyweight,870436,Tahir Sahanserkan Yerliguel,http://boxrec.com/en/proboxer/870436
Heavyweight,870514,Zhyrgalbek Chomonov,http://boxrec.com/en/proboxer/870514
Heavyweight,870608,Leonardo Medina,http://boxrec.com/en/proboxer/870608
Heavyweight,870805,Jason Saxbury,http://boxrec.com/en/proboxer/870805
Heavyweight,871018,Anjel Osiris,http://boxrec.com/en/proboxer/871018
Heavyweight,871321,Brian Haneschlager,http://boxrec.com/en/proboxer/871321
Heavyweight,871350,John Haule,http://boxrec.com/en/proboxer/871350
Heavyweight,871412,Aleksandar Aleksandrov,http://boxrec.com/en/proboxer/871412
Heavyweight,871430,Thomas Allotey,http://boxrec.com/en/proboxer/871430
Heavyweight,871560,Jevgenijs Vidro,http://boxrec.com/en/proboxer/871560
Heavyweight,872011,Luis Marquez,http://boxrec.com/en/proboxer/872011
Heavyweight,872099,Juan Molina,http://boxrec.com/en/proboxer/872099
Heavyweight,872153,Calvin Albrow*,http://boxrec.com/en/proboxer/872153
Heavyweight,872238,Carl Martin,http://boxrec.com/en/proboxer/872238
Heavyweight,872295,Young Chul Kim,http://boxrec.com/en/proboxer/872295
Heavyweight,872332,Mariusz Nowak,http://boxrec.com/en/proboxer/872332
Heavyweight,872337,Michal Duda,http://boxrec.com/en/proboxer/872337
Heavyweight,872793,Justin Richwine,http://boxrec.com/en/proboxer/872793
Heavyweight,872806,Rolando Barrera Santos,http://boxrec.com/en/proboxer/872806
Heavyweight,873500,Johannes Nekongo,http://boxrec.com/en/proboxer/873500
Heavyweight,873571,Cesar Pina,http://boxrec.com/en/proboxer/873571
Heavyweight,874189,Paras Kumar,http://boxrec.com/en/proboxer/874189
Heavyweight,874476,Michal Marek,http://boxrec.com/en/proboxer/874476
Heavyweight,874549,Raul Dominguez,http://boxrec.com/en/proboxer/874549
Heavyweight,875168,Matias Rojas,http://boxrec.com/en/proboxer/875168
Heavyweight,875706,Kalose Aluni,http://boxrec.com/en/proboxer/875706
Heavyweight,876567,Alexis Teran,http://boxrec.com/en/proboxer/876567
Heavyweight,877339,Dakota Witkopf,http://boxrec.com/en/proboxer/877339
Heavyweight,877482,Jorge Ivan Hernandez Miranda*,http://boxrec.com/en/proboxer/877482
Heavyweight,877517,Krystian Arndt,http://boxrec.com/en/proboxer/877517
Heavyweight,877626,Vuk Stojanovic,http://boxrec.com/en/proboxer/877626
Heavyweight,878968,Troy McMahon,http://boxrec.com/en/proboxer/878968
Heavyweight,879855,Alem Sejdic,http://boxrec.com/en/proboxer/879855
Heavyweight,880039,Brayan Horacio Vazquez Franco,http://boxrec.com/en/proboxer/880039
Heavyweight,880043,Kevin Daniel Vazquez Franco,http://boxrec.com/en/proboxer/880043
Heavyweight,880163,Gabriel Dousten,http://boxrec.com/en/proboxer/880163
Heavyweight,880663,Hector Tapueluelu,http://boxrec.com/en/proboxer/880663
Heavyweight,880852,Chiril Bortnicov,http://boxrec.com/en/proboxer/880852
Heavyweight,880857,Igors Vasiljevs,http://boxrec.com/en/proboxer/880857
Heavyweight,880959,Cassiano Cardoso da Costa e Silva,http://boxrec.com/en/proboxer/880959
Heavyweight,881148,Vladislav Okhotin,http://boxrec.com/en/proboxer/881148
Heavyweight,881287,Arian Hernandez,http://boxrec.com/en/proboxer/881287
Heavyweight,881610,Never Durango,http://boxrec.com/en/proboxer/881610
Heavyweight,881679,Ruslan Mormul,http://boxrec.com/en/proboxer/881679
Heavyweight,881868,Bryan Butler,http://boxrec.com/en/proboxer/881868
Heavyweight,882534,Roberto Zuniga,http://boxrec.com/en/proboxer/882534
Heavyweight,883324,Vicky Khan,http://boxrec.com/en/proboxer/883324
Heavyweight,883337,Sukhpreet Singh,http://boxrec.com/en/proboxer/883337
Heavyweight,883523,Aaron Johnson,http://boxrec.com/en/proboxer/883523
Heavyweight,883665,Georginio Traber,http://boxrec.com/en/proboxer/883665
Heavyweight,883686,Joseph Raposo,http://boxrec.com/en/proboxer/883686
Heavyweight,883790,Argenis Castillo,http://boxrec.com/en/proboxer/883790
Heavyweight,884099,Arid Dema,http://boxrec.com/en/proboxer/884099
Heavyweight,884145,Bertrand Logan,http://boxrec.com/en/proboxer/884145
Heavyweight,884247,Edgar Chavez,http://boxrec.com/en/proboxer/884247
Heavyweight,885113,Beau Champion,http://boxrec.com/en/proboxer/885113
Heavyweight,885453,Ik Tae Jin,http://boxrec.com/en/proboxer/885453
Heavyweight,885640,Sung Han Lee,http://boxrec.com/en/proboxer/885640
Heavyweight,885764,Shant Nercessian*,http://boxrec.com/en/proboxer/885764
Heavyweight,885900,Jae Hoon Kim,http://boxrec.com/en/proboxer/885900
Heavyweight,887714,Parnell Van Dijk,http://boxrec.com/en/proboxer/887714
Heavyweight,887785,Gerardo Alberto Valdez,http://boxrec.com/en/proboxer/887785
Heavyweight,888369,Ryan Parker,http://boxrec.com/en/proboxer/888369
Heavyweight,888516,Johan Lopez,http://boxrec.com/en/proboxer/888516
Heavyweight,889252,Victor Delgado,http://boxrec.com/en/proboxer/889252
Heavyweight,889482,Ismael Salgado,http://boxrec.com/en/proboxer/889482
Heavyweight,890876,Young Geun Ahn,http://boxrec.com/en/proboxer/890876
Heavyweight,892076,Carlos Adrian Moreno Valdez,http://boxrec.com/en/proboxer/892076
Heavyweight,892630,Martins Petersons,http://boxrec.com/en/proboxer/892630
Heavyweight,893055,Michal Krejza,http://boxrec.com/en/proboxer/893055
Heavyweight,893694,Aidan Anderson,http://boxrec.com/en/proboxer/893694
Heavyweight,894260,Roberto Tellez Posadas,http://boxrec.com/en/proboxer/894260
Heavyweight,894930,Andrzej Szkuta,http://boxrec.com/en/proboxer/894930
Heavyweight,895439,Qi Di Liu,http://boxrec.com/en/proboxer/895439
Heavyweight,896445,Jaime Torres,http://boxrec.com/en/proboxer/896445
Heavyweight,896665,Marcel Steidle,http://boxrec.com/en/proboxer/896665
Heavyweight,897199,Hakan Mahim,http://boxrec.com/en/proboxer/897199
Heavyweight,897202,Mohammad Alaya,http://boxrec.com/en/proboxer/897202
Heavyweight,897207,Guvanch Kurbanov,http://boxrec.com/en/proboxer/897207
Heavyweight,897394,Satori Ashley,http://boxrec.com/en/proboxer/897394
Heavyweight,897610,Nikola Badovinac,http://boxrec.com/en/proboxer/897610
Heavyweight,897719,Dong Chan Lee,http://boxrec.com/en/proboxer/897719
Heavyweight,897797,Stepan Kromm,http://boxrec.com/en/proboxer/897797
Heavyweight,897898,Stefan Vysolayski,http://boxrec.com/en/proboxer/897898
Heavyweight,897962,Farzad Azizi,http://boxrec.com/en/proboxer/897962
Heavyweight,897976,Omar Pacheco Hernandez,http://boxrec.com/en/proboxer/897976
Heavyweight,898040,Martin Ovalle,http://boxrec.com/en/proboxer/898040
Heavyweight,898073,Cristopher Garza,http://boxrec.com/en/proboxer/898073
Heavyweight,898834,Erkan Tarhan,http://boxrec.com/en/proboxer/898834
